bigg_id	smiles	mol_weight	xlogp	hbond_acceptor	hbond_donor	tpsa	ring_count	formal_charge
11docrtstrn		330.5	2.9	3	1	54.4	0	0
12dgr120		456.7	9.7	5	1	72.8	0	0
12harachd		320.5	5.7	3	2	57.5	0	0
10fthf		473.4	-1.2	10	7	216.0	0	0
14hmdz		357.8	2.1	5	2	70.6	0	0
15HPET		336.5	5.1	4	2	66.8	0	0
15kprostgf2		352.5	2.6	5	3	94.8	0	0
17ahprgnlone		332.5	3.1	3	2	57.5	0	0
1a2425thvitd2		444.6	3.7	4	4	80.9	0	0
1a25dhvitd2		428.6	4.9	3	3	60.7	0	0
1a25dhvitd3		416.6	5.1	3	3	60.7	0	0
1pipdn2c		127.14	0.0	3	1	49.7	0	0
1pyr5c		112.11	0.1	3	0	52.5	0	0
20ahchsterol		402.7	6.9	2	2	40.5	0	0
21hprgnlone		332.5	3.6	3	2	57.5	0	0
23doguln		191.12	-1.7	7	3	135.0	0	0
24nph		155.11	1.5	4	2	86.3	0	0
23cump		306.17	-3.0	8	3	135.0	0	0
2425dhvitd3		416.6	5.0	3	3	60.7	0	0
25hvitd2		412.6	6.0	2	2	40.5	0	0
25aics		454.28	-4.3	14	8	264.0	0	0
2amac		86.07	0.6	3	1	66.2	0	0
25hvitd3		400.6	6.2	2	2	40.5	0	0
2aobut		117.1	-3.4	4	2	80.4	0	0
2c23dh56dhoxin		195.17	0.9	5	4	89.8	0	0
2dp6mep		805.3	20.2	2	1	29.5	0	0
2dr1p		214.11	-2.1	7	4	116.0	0	0
2dp6mobq		819.3	18.9	3	0	43.4	0	0
2dr5p		214.11	-3.4	7	4	124.0	0	0
2h3mv		132.16	0.9	3	2	57.5	0	0
2hyoxplac		151.14	1.5	3	1	60.4	0	0
2kmb		148.18	0.3	4	1	79.7	0	0
2maacoa		865.6	-5.2	23	9	406.0	0	0
2mb2coa		849.6	-4.4	22	9	389.0	0	0
2mbcoa		851.7	-4.2	22	9	389.0	0	0
2mcit		206.15	-1.4	7	4	132.0	0	0
2mp2coa		835.6	-4.6	22	9	389.0	0	0
2mop		101.08	0.6	3	0	57.2	0	0
2obut		102.09	0.1	3	1	54.4	0	0
2mpdhl		277.5	2.3	4	2	86.5	0	0
2pg		186.06	-2.6	7	4	124.0	0	0
34dhmald		168.15	-0.6	4	3	77.8	0	0
34dhoxpeg		170.16	-1.0	4	4	80.9	0	0
34dhpe		154.16	-0.7	3	3	60.7	0	0
34dhoxmand		184.15	-0.6	5	4	98.0	0	0
34dhpac		152.15	0.4	3	2	57.5	0	0
34dhphe		197.19	-2.7	5	4	104.0	0	0
35diotyr		432.98	-0.5	4	3	83.6	0	0
35cgmp		345.21	-3.4	9	4	171.0	0	0
3aib		103.12	-2.9	3	2	63.3	0	0
3ddcrn		359.5	4.2	5	1	86.7	0	0
34hpp		179.15	1.3	4	1	77.4	0	0
3deccrn		331.4	3.6	5	1	86.7	0	0
3dphb		819.3	19.7	3	2	57.5	0	0
3hbcoa		853.6	-5.9	23	10	409.0	0	0
3hdcoa		937.8	-2.9	23	10	409.0	0	0
3hdececrn		413.6	5.4	5	1	86.7	0	0
3hddcoa		965.8	-1.8	23	10	409.0	0	0
3hexdcrn		415.6	6.4	5	1	86.7	0	0
3hibutcoa		853.6	-5.8	23	10	409.0	0	0
3hivac		118.13	-0.3	3	2	57.5	0	0
3hmbcoa		867.7	-5.4	23	10	409.0	0	0
3hmp		103.1	0.3	3	1	60.4	0	0
3hpcoa		839.6	-6.4	23	10	409.0	0	0
3hpp		90.08	-1.0	3	2	57.5	0	0
3htdcoa		993.9	-0.7	23	10	409.0	0	0
3htmelys		205.27	-3.2	4	3	83.6	0	0
3ivcoa		867.7	-5.7	23	10	409.0	0	0
3mb2coa		849.6	-4.2	22	9	389.0	0	0
3mgcoa		893.6	-5.1	24	10	426.0	0	0
3m4hpga		182.17	-0.3	4	2	66.8	0	0
3meacmp		181.19	0.0	3	2	58.6	0	0
3mglutr		146.14	0.1	4	2	74.6	0	0
3mhis		169.18	-3.3	4	2	81.1	0	0
3mox4hoxm		198.17	-0.2	5	3	87.0	0	0
3mop		129.13	1.7	3	0	57.2	0	0
3mox4hpac		166.17	0.3	3	1	46.5	0	0
3mob		115.11	1.4	3	0	57.2	0	0
3moxtyr		167.2	0.2	3	2	55.5	0	0
3octdec2crn		439.6	7.2	5	2	97.7	0	0
3octdece1crn		441.6	6.9	5	2	97.7	0	0
3odcoa		935.8	-2.8	23	9	406.0	0	0
3oddcoa		963.8	-1.7	23	9	406.0	0	0
3ohdcoa		1015.9	0.1	23	5	417.0	0	0
3ohglutac		148.11	-1.4	5	3	94.8	0	0
3ohodcoa		1048.0	1.5	23	9	406.0	0	0
3ohsebac		218.25	0.8	5	3	94.8	0	0
3otdcoa		991.9	-0.6	23	9	406.0	0	0
3pg		186.06	-2.6	7	4	124.0	0	0
3sala		153.16	-4.2	6	3	120.0	0	0
3snpyr		152.13	-1.0	6	2	111.0	0	0
3spyr		168.13	-1.4	6	2	117.0	0	0
3uib		146.14	-1.0	3	3	92.4	0	0
42A3HP24DB		222.17	1.3	6	2	121.0	0	0
4aphdob		206.17	1.9	5	1	100.0	0	0
4abutn		87.12	-0.9	2	1	43.1	0	0
4abut		103.12	-3.2	3	2	63.3	0	0
3ump		510.21	-5.5	17	10	289.0	0	0
4hbz		138.12	1.6	3	2	57.5	0	0
4izp		156.14	-0.9	4	2	78.8	0	0
4hoxpacd		136.15	0.5	2	1	37.3	0	0
4hphac		152.15	0.8	3	1	46.5	0	0
4mop		130.14	0.9	3	1	54.4	0	0
4nph		139.11	1.9	3	1	66.1	0	0
4nphsf		219.17	0.8	6	1	118.0	0	0
4ppan		299.21	-2.2	8	5	153.0	0	0
4ppcys		402.36	-2.5	10	7	183.0	0	0
4pyrdx		183.16	0.1	5	3	90.7	0	0
4tmeabut		130.21	0.1	1	0	17.1	0	0
56dihindlcrbxlt		192.15	1.8	4	3	96.4	0	0
5HPET		336.5	5.3	4	2	66.8	0	0
4tmeabutn		146.21	0.1	2	1	37.3	0	0
56dthm		128.13	-0.6	2	2	58.2	0	0
56dura		114.1	-1.1	2	2	58.2	0	0
5a2opntn		130.12	-2.6	4	1	83.2	0	0
5adtststeroneglc		466.6	2.3	8	4	134.0	0	0
5adtststerone		290.4	3.7	2	1	37.3	0	0
5adtststerones		370.5	3.3	5	1	89.1	0	0
5aizc		339.2	-3.2	11	6	198.0	0	0
5aop		131.13	-3.8	4	2	80.4	0	0
5eipenc		302.5	5.6	2	1	37.3	0	0
5forthf		472.5	-1.2	10	8	222.0	0	0
5fthf		473.4	-1.2	10	7	216.0	0	0
5g2oxpt		173.17	-1.6	4	3	119.0	0	0
5hoxindact		175.18	0.3	2	2	53.1	0	0
5htrp		220.22	-1.2	4	4	99.3	0	0
5hoxindoa		191.18	1.1	3	3	73.3	0	0
5mdr1p		260.2	-2.3	8	4	142.0	0	0
5mdru1p		260.2	-2.4	8	4	150.0	0	0
5mta		297.34	-0.3	8	3	145.0	0	0
5ohfvs		427.5	2.7	6	4	103.0	0	0
5mthf		459.5	-0.5	10	7	198.0	0	0
5oxpro		129.11	-0.8	3	2	66.4	0	0
5ohhexa		132.16	0.2	3	2	57.5	0	0
6a2ohxnt		145.16	-2.9	4	2	80.4	0	0
6hddopaqn		197.14	0.0	5	3	107.0	0	0
6htststerone		304.4	2.0	3	2	57.5	0	0
6pgc		276.14	-4.5	10	7	185.0	0	0
6pgl		258.12	-3.7	9	5	154.0	0	0
6pthp		237.22	-1.7	6	4	126.0	0	0
6thf		1087.0	-18.7	30	14	591.0	0	0
7dhchsterol		384.6	8.0	1	1	20.2	0	0
7ohocata		160.21	1.1	3	2	57.5	0	0
C01041		175.12	-1.8	5	3	88.0	0	0
C01601		157.23	4.2	2	0	40.1	0	0
C02356		103.12	-2.5	3	2	63.3	0	0
C02470		205.17	0.9	5	3	86.6	0	0
C02528		391.6	5.6	4	2	80.6	0	0
C03681		316.5	4.4	2	0	34.1	0	0
C02712		191.25	0.1	4	2	91.7	0	0
C01747		461.6	3.7	8	6	146.0	0	0
C04805		320.5	5.2	3	2	57.5	0	0
C05109		428.7	9.4	1	1	20.2	0	0
C04717		311.4	6.0	4	1	69.6	0	0
C04849		335.5	4.7	4	1	72.9	0	0
C05298		286.4	2.8	3	2	57.5	0	0
C05299		300.4	3.1	3	1	46.5	0	0
C05279		945.8	-1.5	22	9	389.0	0	0
C05302		302.4	4.0	3	2	49.7	0	0
C05767		830.7	-1.0	18	10	356.0	0	0
C05301		288.4	3.7	3	3	60.7	0	0
C05300		286.4	2.6	3	2	57.5	0	0
C05769		654.7	2.6	10	6	207.0	0	0
C05280		945.8	-1.7	22	9	389.0	0	0
C05770		654.7	2.6	10	6	207.0	0	0
C05957		334.4	3.6	4	2	74.6	0	0
C06314		351.5	3.7	5	3	101.0	0	0
C07297		1062.0	1.2	23	9	406.0	0	0
C11695		347.5	5.4	2	2	49.3	0	0
C09642		179.22	1.0	3	3	52.5	0	0
C06315		351.5	3.7	5	3	101.0	0	0
C14769		320.5	5.4	3	1	49.8	0	0
C14770		320.5	5.4	3	1	49.8	0	0
C08261		188.22	1.6	4	2	74.6	0	0
C14825		296.4	5.6	3	1	49.8	0	0
CE0074		142.07	-1.0	4	2	92.3	0	0
C14771		320.5	5.3	3	1	49.8	0	0
C14826		296.4	5.6	3	1	49.8	0	0
CE0233		420.7	6.3	3	3	60.7	0	0
CE0347		320.5	5.2	3	2	57.5	0	0
CE0737		72.06	-0.6	2	0	34.1	0	0
CE0955		370.5	1.4	6	4	115.0	0	0
CE1243		280.4	4.1	3	2	57.5	0	0
CE1273		452.7	3.8	5	5	101.0	0	0
CE1261		316.33	-5.2	9	6	192.0	0	0
CE1352		412.5	2.5	6	2	109.0	0	0
CE1310		163.2	0.4	4	3	67.4	0	0
CE1447		368.5	2.6	6	3	104.0	0	0
CE1401		117.17	-0.1	3	1	68.4	0	0
CE1562		190.13	0.1	5	1	86.3	0	0
CE1918		177.2	0.5	2	3	56.3	0	0
CE1556		174.15	-1.8	4	3	109.0	0	0
CE1925		150.17	1.2	2	1	29.5	0	0
CE1617		299.4	6.9	2	0	40.1	0	0
CE1589		1142.1	-0.5	24	11	429.0	0	0
CE1935		204.33	-1.1	1	3	77.9	0	0
CE1936		200.28	-1.1	4	2	58.2	0	0
CE1939		144.21	-1.0	3	2	55.1	0	0
CE2006		156.22	1.7	2	1	37.3	0	0
CE2028		117.12	0.3	3	1	60.4	0	0
CE2047		314.5	4.6	4	3	77.8	0	0
CE2053		350.4	2.3	5	3	94.8	0	0
CE2176		211.21	-2.4	5	3	92.8	0	0
CE2056		368.5	2.0	6	5	118.0	0	0
CE2049		314.5	4.6	4	3	77.8	0	0
CE2209		292.5	4.2	2	2	40.5	0	0
CE2172		165.19	0.6	3	3	52.5	0	0
CE2211		318.5	4.9	2	1	37.3	0	0
CE2242		1084.1	4.5	22	5	400.0	0	0
CE2248		1046.0	1.1	23	6	420.0	0	0
CE2250		1100.1	3.4	23	5	417.0	0	0
CE2249		1130.1	4.3	23	6	420.0	0	0
CE2253		1132.1	4.8	23	9	406.0	0	0
CE2313		412.7	8.2	1	1	20.2	0	0
CE2314		414.7	8.8	1	1	20.2	0	0
CE2420		963.8	-2.6	23	10	409.0	0	0
CE2418		1017.9	-1.3	23	10	409.0	0	0
CE2421		1046.0	-0.2	23	10	409.0	0	0
CE2537		322.5	5.7	3	2	57.5	0	0
CE2510		310.5	7.6	2	1	37.3	0	0
CE2445		336.5	4.1	4	3	77.8	0	0
CE2577		154.21	1.6	2	0	34.1	0	0
CE2576		172.22	1.7	3	1	46.5	0	0
CE2838		1477.3	-16.7	46	29	751.0	0	0
CE2705		239.23	-2.2	6	5	132.0	0	0
CE2839		1639.4	-21.9	51	32	823.0	0	0
CE2866		525.08	1.1	5	3	92.8	0	0
CE2872		525.08	1.1	5	3	92.8	0	0
CE2915		521.6	1.3	6	4	159.0	0	0
CE2875		479.2	-0.2	8	3	145.0	0	0
CE2916		716.8	-1.0	11	7	249.0	0	0
CE2874		399.18	0.4	5	3	92.8	0	0
CE3554		384.5	1.3	7	6	138.0	0	0
CE4722		750.8	-0.4	11	7	249.0	0	0
CE2917		1550.8	-7.1	22	19	658.0	0	0
CE4723		603.7	-1.7	10	6	220.0	0	0
CE4633		52.46	0.3	1	1	20.2	0	0
CE4724		1403.7	-8.4	21	18	629.0	0	0
CE4817		1096.0	-0.1	23	10	409.0	0	0
CE4820		1122.1	1.1	23	9	406.0	0	0
CE4819		1094.0	0.0	23	9	406.0	0	0
CE4821		1078.0	1.1	22	9	389.0	0	0
CE4831		1098.0	0.6	23	10	409.0	0	0
CE4833		1096.0	0.7	23	9	406.0	0	0
CE4834		1124.1	1.8	23	9	406.0	0	0
CE4840		1074.0	0.9	23	10	409.0	0	0
CE4835		1080.0	1.8	22	9	389.0	0	0
CE4841		1072.0	1.0	23	9	406.0	0	0
CE4843		1058.0	2.2	22	9	389.0	0	0
CE4845		1098.0	1.4	23	9	406.0	0	0
CE4847		1084.1	2.6	22	9	389.0	0	0
CE4842		1056.0	2.1	22	9	389.0	0	0
CE4846		1082.0	2.5	22	9	389.0	0	0
CE4844		1100.1	1.3	23	10	409.0	0	0
CE4849		1126.1	1.7	23	10	409.0	0	0
CE4850		1096.0	0.7	23	9	406.0	0	0
CE4851		1124.1	1.8	23	9	406.0	0	0
CE4848		1098.0	0.6	23	10	409.0	0	0
CE4852		1080.0	1.8	22	9	389.0	0	0
CE4853		1108.1	2.9	22	9	389.0	0	0
CE4854		1082.0	1.9	22	9	389.0	0	0
CE4855		1110.1	3.0	22	9	389.0	0	0
CE4877		316.4	5.0	3	1	54.4	0	0
CE4888		149.15	-0.4	3	1	46.2	0	0
CE4876		334.4	3.9	4	2	74.6	0	0
CE4890		193.24	1.5	3	2	43.7	0	0
CE4969		145.16	0.2	3	2	66.4	0	0
CE4968		159.18	1.5	3	2	66.4	0	0
CE4970		159.18	0.5	3	2	66.4	0	0
CE4987		338.5	4.3	4	3	77.8	0	0
CE4990		334.4	4.1	4	2	74.6	0	0
CE5022		446.7	8.8	3	1	54.4	0	0
CE5026		502.5	-6.6	13	9	288.0	0	0
CE5072		334.5	4.2	3	2	57.5	0	0
CE5126		1044.0	2.1	22	5	400.0	0	0
CE5178		334.4	4.0	4	2	74.6	0	0
CE5586		146.25	-1.4	0	3	69.3	0	0
CE5236		239.23	-2.3	6	5	119.0	0	0
CE5276		151.16	-0.8	3	1	60.2	0	0
CE5629		177.2	0.9	3	2	52.8	0	0
CE5304		334.4	3.8	4	2	74.6	0	0
CE5643		62.005	-0.5	4	0	61.7	0	0
CE5626		223.22	-1.7	5	4	89.8	0	0
CE5665		151.16	1.2	3	3	52.5	0	0
CE5788		912.1	-4.3	13	13	407.0	0	0
CE5791		718.8	-2.3	10	9	284.0	0	0
CE5798		504.6	0.1	7	5	162.0	0	0
CE5797		745.9	-0.7	10	8	246.0	0	0
CE5787		358.44	-3.7	6	6	186.0	0	0
CE5789		1059.2	-3.0	14	14	436.0	0	0
CE5853		454.5	1.6	10	5	163.0	0	0
CE5867		487.5	-5.4	10	7	228.0	0	0
CE5869		243.3	-3.3	5	3	110.0	0	0
CE5944		336.5	3.9	4	2	74.6	0	0
CE5945		370.5	2.2	6	5	118.0	0	0
CE5946		386.5	1.5	7	6	138.0	0	0
CE6230		338.5	5.8	4	2	66.8	0	0
CE6205		191.23	0.8	2	2	45.3	0	0
CE6246		336.5	4.1	4	3	77.8	0	0
CE6232		370.5	4.6	6	2	85.2	0	0
CE6234		354.5	4.5	5	2	76.0	0	0
CE6247		352.5	2.5	5	4	98.0	0	0
CE6506		156.22	1.8	2	0	29.6	0	0
CE6504		74.12	0.9	1	0	9.2	0	0
CE7079		315.4	5.3	3	0	52.7	0	0
CE7081		318.4	4.5	3	2	57.5	0	0
CE7082		318.4	4.5	3	2	57.5	0	0
CE7083		334.4	3.4	4	3	77.8	0	0
CE7088		350.4	3.2	5	2	76.0	0	0
CE7091		238.31	-4.0	6	2	89.5	0	0
CE7090		318.4	4.6	3	2	57.5	0	0
CE7172		336.5	3.7	4	3	77.8	0	0
HC00250		33.08	0.5	1	1	1.0	0	0
CE7096		336.5	4.0	4	3	77.8	0	0
HC00460		153.11	2.3	4	2	80.6	0	0
HC00361		366.11	-6.4	13	4	243.0	0	0
HC00576		240.26	-3.6	5	4	121.0	0	0
HC00591		144.11	-0.9	4	1	100.0	0	0
HC00682		249.4	1.3	4	2	86.5	0	0
HC00822		340.33	-5.5	11	8	209.0	0	0
HC00664		258.12	-4.1	9	4	163.0	0	0
HC01104		217.07	0.2	6	0	118.0	0	0
HC00718		154.08	-4.4	4	1	89.0	0	0
HC01118		586.7	7.9	7	3	113.0	0	0
HC00955		114.1	-3.7	4	2	87.1	0	0
HC01361		255.23	-3.3	7	6	153.0	0	0
HC01223		853.6	-5.8	23	10	409.0	0	0
HC01254		239.23	-1.6	6	5	129.0	0	0
HC01180		336.08	-5.9	12	3	215.0	0	0
HC01377		291.5	2.6	4	2	86.5	0	0
HC01376		291.5	2.7	4	2	86.5	0	0
HC01444		254.23	-3.4	8	6	140.0	0	0
HC01434		187.08	0.8	7	0	137.0	0	0
HC01440		178.14	-2.2	6	4	107.0	0	0
HC01446		340.28	-4.6	11	7	194.0	0	0
HC01459		1216.2	-1.5	26	13	470.0	0	0
HC01496		175.14	-4.0	6	3	118.0	0	0
HC01501		113.14	0.3	4	1	101.0	0	0
HC01522		138.12	1.2	3	2	57.5	0	0
HC01577		243.22	-4.4	7	4	154.0	0	0
HC01609		828.7	5.2	16	4	384.0	0	0
HC01700		199.21	-4.2	5	3	116.0	0	0
HC01672		389.26	-2.9	12	4	192.0	0	0
HC01668		403.28	-2.5	12	4	192.0	0	0
HC01842		169.12	-3.8	5	2	70.0	0	0
HC01712		321.5	1.1	6	3	124.0	0	0
HC02022		653.1	17.5	2	0	26.3	0	0
HC02057		136.15	-2.4	4	4	80.9	0	0
HC02060		150.4	0.0	0	0	0.0	0	0
HC02110		398.7	8.0	1	1	20.2	0	0
HC02121		336.34	-3.4	8	4	212.0	0	0
HC02180		370.5	2.4	6	4	107.0	0	0
HC02187		650.97	1.7	5	3	92.8	0	0
HC02191		375.6	6.9	3	1	60.4	0	0
HC02192		483.7	4.9	5	3	112.0	0	0
HC02193		432.6	6.3	4	2	89.5	0	0
HC02194		392.6	4.9	4	3	77.8	0	0
HC02195		498.7	3.5	6	3	135.0	0	0
HC02196		449.6	4.3	5	4	107.0	0	0
HC02197		511.7	5.8	7	1	144.0	0	0
HC02204		336.5	4.0	4	2	74.6	0	0
HC02205		334.4	3.3	4	2	74.6	0	0
HC02203		334.4	3.6	4	2	74.6	0	0
HC02202		335.5	5.0	4	1	77.4	0	0
HC02207		334.4	3.3	4	2	74.6	0	0
HC02206		335.5	4.7	4	1	77.4	0	0
HC02213		350.4	2.3	5	3	94.8	0	0
HC02217		368.5	3.8	6	2	85.2	0	0
HC02228		238.41	6.9	1	0	17.1	0	0
Lcyst		168.15	-3.8	6	2	129.0	0	0
Lhcystin		268.4	-5.6	8	4	177.0	0	0
M00003		268.4	6.9	2	1	37.3	0	0
M00008		308.5	7.9	2	1	37.3	0	0
M00010		306.5	6.9	2	1	37.3	0	0
M00017		310.5	7.6	2	1	37.3	0	0
M00019		282.5	7.2	2	1	37.3	0	0
M00021		336.6	8.0	2	1	37.3	0	0
M00115		282.5	6.5	2	1	37.3	0	0
M00127		282.5	6.5	2	1	37.3	0	0
M00117		226.35	5.4	2	1	37.3	0	0
M00129		971.8	-0.7	22	5	400.0	0	0
M00245		162.21	0.8	4	2	82.8	0	0
M00260		332.5	7.3	2	1	37.3	0	0
M00263		477.7	8.7	4	0	66.4	0	0
M00315		360.6	8.4	2	1	37.3	0	0
M00285		330.5	2.4	3	1	54.4	0	0
M00406		348.5	2.6	4	3	77.8	0	0
M00429		362.5	0.7	5	3	94.8	0	0
M00579		418.7	5.6	3	3	60.7	0	0
M00603		346.5	1.7	4	2	74.6	0	0
M00605		332.5	3.6	3	2	57.5	0	0
M00606		402.7	7.0	2	2	40.5	0	0
M00658		821.3	19.8	3	2	49.7	0	0
M00625		402.7	7.1	2	2	40.5	0	0
M00673		135.16	0.5	1	1	43.1	0	0
M00746		450.7	3.8	5	4	98.0	0	0
M00770		851.3	19.8	4	3	69.9	0	0
M00753		434.7	5.2	4	3	77.8	0	0
M00937		440.7	7.4	2	1	37.3	0	0
M00939		442.7	7.5	2	2	40.5	0	0
M00938		442.7	7.8	2	1	37.3	0	0
M00940		444.7	8.0	2	2	40.5	0	0
M00942		412.7	8.2	1	1	20.2	0	0
M00960		414.7	7.7	2	1	37.3	0	0
M00964		416.7	7.8	2	2	40.5	0	0
M00977		432.6	4.6	4	3	77.8	0	0
M00978		416.6	5.8	3	2	57.5	0	0
M00979		416.6	5.9	3	2	57.5	0	0
M01067		382.6	7.1	1	0	17.1	0	0
M01068		384.6	7.6	1	0	17.1	0	0
M01075		286.4	2.9	2	0	34.1	0	0
M01076		452.7	3.9	5	5	101.0	0	0
M01077		436.7	5.1	4	4	80.9	0	0
M01079		436.7	5.3	4	4	80.9	0	0
M01081		418.7	6.1	3	2	57.5	0	0
M01080		420.7	6.5	3	3	60.7	0	0
M01084		418.7	6.2	3	2	57.5	0	0
M01083		418.7	6.1	3	2	57.5	0	0
M01197		254.41	6.4	2	1	37.3	0	0
M01165		835.3	20.2	3	2	49.7	0	0
M01207		308.5	7.9	2	1	37.3	0	0
M01235		310.5	7.6	2	1	37.3	0	0
M01454		637.1	16.1	2	0	26.3	0	0
M01238		268.4	6.9	2	1	37.3	0	0
M01456		677.1	17.0	2	0	26.3	0	0
M01389		260.14	-4.2	9	6	157.0	0	0
M01458		679.2	17.7	2	0	26.3	0	0
M01461		705.2	18.1	2	0	26.3	0	0
M01462		707.2	18.8	2	0	26.3	0	0
M01466		697.1	15.5	2	0	26.3	0	0
M01457		221.32	-1.4	4	2	74.8	0	0
M01468		671.1	14.9	2	0	26.3	0	0
M01464		326.8	3.1	3	1	30.9	0	0
M01475		699.1	16.0	2	0	26.3	0	0
M01476		701.2	16.7	2	0	26.3	0	0
M01471		102.09	-1.5	3	2	64.4	0	0
M01481		305.4	3.6	3	2	58.6	0	0
M01495		639.1	17.0	2	0	26.3	0	0
M01492		681.2	18.6	2	0	26.3	0	0
M01490		675.1	16.3	2	0	26.3	0	0
M01491		709.2	19.7	2	0	26.3	0	0
M01487		595.0	14.4	2	0	26.3	0	0
M01498		569.0	14.3	2	0	26.3	0	0
M01501		597.0	15.4	2	0	26.3	0	0
M01506		611.0	15.9	2	0	26.3	0	0
M01502		667.1	18.1	2	0	26.3	0	0
M01582		338.6	8.7	2	1	37.3	0	0
M01724		483.8	11.0	4	0	66.4	0	0
M01729		343.5	5.5	4	0	66.4	0	0
M01989		449.6	4.3	5	4	107.0	0	0
M01966		340.12	-5.6	12	7	211.0	0	0
M02053		326.6	9.1	2	1	37.3	0	0
M02108		130.18	2.5	2	1	37.3	0	0
M02155		392.6	4.9	4	3	77.8	0	0
M02052		505.0	0.0	4	2	68.5	0	0
M02451		666.6	-9.3	21	14	356.0	0	0
M02457		306.5	7.0	2	1	37.3	0	0
M02467		129.16	-1.3	1	3	91.5	0	0
M02449		828.7	-11.5	26	17	435.0	0	0
M02446		1153.0	-15.8	36	23	593.0	0	0
M02447		990.9	-13.6	31	20	514.0	0	0
M02611		441.7	9.3	4	0	66.4	0	0
M02612		1048.0	3.3	22	9	389.0	0	0
M02613		298.5	8.0	2	1	37.3	0	0
M02637		421.6	7.8	4	0	66.4	0	0
M02745		226.35	5.1	2	1	37.3	0	0
M02490		249.72	-1.7	4	2	88.8	0	0
M02694		851.7	-4.2	22	9	389.0	0	0
M02760		314.5	3.9	2	0	34.1	0	0
M02758		89.14	-0.4	2	1	23.5	0	0
M02761		330.5	2.9	3	1	54.4	0	0
M02837		524.9	13.6	2	0	26.3	0	0
M02973		371.6	6.6	4	0	66.4	0	0
M02977		466.6	3.9	6	5	118.0	0	0
M02956		165.62	0.0	3	2	38.3	0	0
M03006		215.25	-1.7	5	2	89.6	0	0
M03045		354.6	10.2	2	1	37.3	0	0
M03047		1104.1	5.5	22	9	389.0	0	0
M03014		223.22	-2.0	5	2	89.6	0	0
M03050		963.9	0.1	22	9	389.0	0	0
M03016		189.21	-2.6	5	2	89.6	0	0
M03051		214.34	4.7	2	1	37.3	0	0
M03018		145.16	-0.3	3	1	55.4	0	0
M03116		935.8	-1.0	22	9	389.0	0	0
M03153		394.7	10.8	2	1	37.3	0	0
M03117		186.29	3.7	2	1	37.3	0	0
M03134		102.13	1.4	2	1	37.3	0	0
M03005		189.21	-1.4	5	2	89.6	0	0
M03167		242.17	-7.6	8	5	156.0	0	0
M03131		168.62	0.0	4	4	89.3	0	0
Nacasp		175.14	-1.1	5	3	104.0	0	0
Nacsertn		218.25	0.5	2	3	65.1	0	0
N1aspmd		187.28	-0.8	3	3	67.2	0	0
Ser		105.09	-3.1	4	3	83.6	0	0
M03168		299.75	2.4	4	2	75.6	0	0
Sfglutth		335.34	-4.3	9	5	201.0	0	0
aacoa		851.6	-5.8	23	9	406.0	0	0
Tyr		181.19	-2.3	4	3	83.6	0	0
aact		73.09	-1.0	2	1	43.1	0	0
ac		59.04	0.4	2	0	40.1	0	0
acac		101.08	0.3	3	0	57.2	0	0
acald		44.05	-0.3	1	0	17.1	0	0
accoa		809.6	-5.6	22	9	389.0	0	0
acetone		58.08	-0.1	1	0	17.1	0	0
acgal		221.21	-1.7	6	5	119.0	0	0
acgal1p		301.19	-3.7	9	6	166.0	0	0
acetol		74.08	-0.7	2	1	37.3	0	0
acgam6p		301.19	-4.2	9	6	166.0	0	0
acgam		221.21	-1.7	6	5	119.0	0	0
acglu		189.17	-1.8	5	3	104.0	0	0
acgam1p		301.19	-3.7	9	6	166.0	0	0
acgly		117.1	-1.2	3	2	66.4	0	0
aclys		188.22	-4.4	4	3	92.4	0	0
acmanap		301.19	-4.2	9	6	166.0	0	0
acmpglu		327.29	-0.8	8	5	146.0	0	0
acmana		221.21	-1.7	6	5	119.0	0	0
acnam		309.27	-3.5	9	7	177.0	0	0
acnamp		389.25	-4.6	12	8	223.0	0	0
acmp		210.23	1.7	4	1	75.6	0	0
actyr		223.22	-0.2	4	3	86.6	0	0
acorn		174.2	-4.8	4	3	92.4	0	0
ade		135.13	-0.1	4	2	80.5	0	0
adn		267.24	-1.1	8	4	140.0	0	0
adpoh		162.14	-0.6	5	3	94.8	0	0
adprbp		639.3	-6.7	21	9	338.0	0	0
adp		427.2	-4.6	14	6	233.0	0	0
adrn		332.5	7.4	2	1	37.3	0	0
adrncrn		473.7	7.5	4	0	66.4	0	0
adrncoa		1082.0	1.9	22	9	389.0	0	0
agm		130.19	-1.5	2	3	90.4	0	0
ach		146.21	0.2	2	0	26.3	0	0
adrnl		183.2	-1.4	4	4	72.7	0	0
ahandrostan		290.4	3.7	2	1	37.3	0	0
ahdt		495.17	-6.5	16	9	292.0	0	0
ahandrostanglc		466.6	2.3	8	4	134.0	0	0
ahcys		384.41	-3.5	11	5	208.0	0	0
aicar		338.21	-3.8	10	6	203.0	0	0
air		295.19	-3.6	9	5	160.0	0	0
alaala		160.17	-3.3	4	3	92.4	0	0
akg		146.1	-0.9	5	2	91.7	0	0
alaasnleu		316.35	-4.9	6	5	165.0	0	0
alaargcys		348.42	-4.8	7	7	187.0	0	0
alahisala		297.31	-3.7	6	5	150.0	0	0
alaglylys		274.32	-4.1	6	5	148.0	0	0
alltn		158.12	-2.2	3	4	113.0	0	0
allop		136.11	-0.7	3	2	70.1	0	0
alaarggly		302.33	-5.1	6	6	186.0	0	0
am6sa		141.12	-0.3	4	2	80.4	0	0
ametam		355.44	-0.8	8	4	146.0	0	0
amet		398.4	-2.8	10	4	186.0	0	0
and19one		302.4	1.5	3	1	54.4	0	0
amuco		155.11	1.0	5	1	106.0	0	0
andrstandn		288.4	3.6	2	0	34.1	0	0
andrstndn		286.4	2.7	2	0	34.1	0	0
andrstrnglc		466.6	2.3	8	4	134.0	0	0
amp		347.22	-3.5	11	5	186.0	0	0
anth		136.13	1.9	3	1	66.2	0	0
aprgstrn		316.5	4.2	2	1	37.3	0	0
apnnox		152.23	2.1	1	0	12.5	0	0
aps		427.29	-3.9	14	5	238.0	0	0
appnn		136.23	2.8	0	0	0.0	0	0
antipyrene		212.2	1.7	7	4	95.2	0	0
aqcobal		1348.4	0.0	19	10	453.0	0	0
arachd		304.5	6.3	2	1	37.3	0	0
arach		312.5	8.5	2	1	37.3	0	0
arachcrn		455.7	9.9	4	0	66.4	0	0
arachcoa		1062.1	3.9	22	9	389.0	0	0
aracheth		347.5	5.7	3	1	52.3	0	0
arg		102.1	0.0	3	2	57.5	0	0
argalaala		316.36	-4.7	6	6	186.0	0	0
argarglys		458.6	-7.5	8	9	276.0	0	0
arachdcoa		1054.0	0.9	22	9	389.0	0	0
argarg		330.39	-6.5	6	7	221.0	0	0
argalathr		346.38	-5.3	7	7	206.0	0	0
argglygly		288.3	-5.5	6	6	186.0	0	0
arghisthr		412.44	-5.6	8	8	235.0	0	0
argglupro		400.43	-5.9	8	6	214.0	0	0
argleuphe		434.5	-2.9	6	6	186.0	0	0
argpromet		402.5	-4.8	7	5	202.0	0	0
argserser		348.36	-7.2	8	8	226.0	0	0
argprothr		372.42	-6.0	7	6	197.0	0	0
argsuc		290.27	-4.7	8	6	188.0	0	0
argvalcys		376.48	-3.8	7	7	187.0	0	0
argvaltrp		459.5	-2.6	6	7	202.0	0	0
asncyscys		338.4	-5.2	8	7	167.0	0	0
asnmetpro		360.43	-5.1	7	4	181.0	0	0
asn		132.12	-3.4	4	3	106.0	0	0
asnasnarg		402.41	-7.7	8	8	272.0	0	0
asnphecys		382.4	-3.4	7	6	166.0	0	0
asntyrgly		352.34	-5.2	7	6	185.0	0	0
asntyrphe		442.5	-4.0	7	6	185.0	0	0
asntyrthr		396.4	-5.2	8	7	205.0	0	0
aspalaarg		359.38	-6.2	7	7	229.0	0	0
aspglu		262.22	-4.6	8	5	167.0	0	0
aspglupro		359.33	-5.6	9	5	187.0	0	0
asphiscys		373.39	-4.7	9	7	189.0	0	0
asphispro		367.36	-4.9	8	5	179.0	0	0
aspglutrp		448.4	-3.8	9	7	212.0	0	0
asplyshis		398.41	-7.1	9	7	214.0	0	0
aspprolys		358.39	-7.6	8	5	176.0	0	0
aspvalasn		346.34	-4.9	8	6	202.0	0	0
atp		507.18	-5.7	17	7	279.0	0	0
atvacid		1117.3	0.0	12	8	224.0	0	0
avite2		424.7	9.3	2	1	29.5	0	0
atvlac		540.6	5.7	5	2	80.6	0	0
b2coa		835.6	-4.8	22	9	389.0	0	0
bamppald		73.09	-1.3	2	1	43.1	0	0
betald		102.15	-0.2	1	0	17.1	0	0
avite1		430.7	10.7	2	1	29.5	0	0
bgly		179.17	0.3	3	2	66.4	0	0
bglc		504.4	-6.9	16	11	269.0	0	0
bilglcur		778.8	0.0	13	11	292.0	0	0
bildglcur		936.9	-0.2	18	12	357.0	0	0
btcoa		837.6	-4.8	22	9	389.0	0	0
btn		244.31	0.3	4	3	104.0	0	0
bvite		416.7	10.3	2	1	29.5	0	0
bz		121.11	2.5	2	0	40.1	0	0
bzcoa		871.6	-4.0	22	9	389.0	0	0
c16dc		429.6	5.9	6	1	104.0	0	0
c226coa		1078.0	0.8	22	9	389.0	0	0
c226crn		471.7	6.8	4	0	66.4	0	0
c6crn		259.34	2.3	4	0	66.4	0	0
ca2		40.08	0.0	0	0	0.0	0	0
ca3s		488.6	3.2	8	4	150.0	0	0
caro		536.9	13.5	0	0	0.0	0	0
carn		226.23	-4.0	5	4	121.0	0	0
cala		132.12	-1.5	3	3	92.4	0	0
cbasp		176.13	-1.9	5	4	130.0	0	0
carveol		152.23	2.1	1	1	20.2	0	0
caproic		116.16	1.9	2	1	37.3	0	0
cbp		141.02	-2.1	5	3	110.0	0	0
camp		329.21	-2.6	10	3	155.0	0	0
chlstol		384.6	7.8	1	1	20.2	0	0
cdp		403.18	-4.5	11	6	222.0	0	0
cholcoaone		1214.2	-1.4	26	12	467.0	0	0
cholcoads		1198.2	-0.5	25	12	450.0	0	0
cholate		407.6	4.2	5	3	101.0	0	0
cholcoar		1200.2	-0.2	25	12	450.0	0	0
cholcoas		1200.2	-0.2	25	12	450.0	0	0
chsterols		466.7	8.2	4	1	72.0	0	0
cit		189.1	0.2	7	1	141.0	0	0
citr		192.12	-1.7	7	4	132.0	0	0
clpndcoa		1080.0	1.3	22	9	389.0	0	0
clpnd		330.5	6.7	2	1	37.3	0	0
cl		35.45	0.8	1	0	0.0	0	0
clpndcrn		473.7	6.7	4	0	66.4	0	0
cmpacna		614.5	-6.7	16	10	321.0	0	0
coa		767.5	-5.8	21	10	348.0	0	0
co		28.01	0.7	1	0	1.0	0	0
cmp		323.2	-3.4	8	5	175.0	0	0
coprost		388.7	9.4	1	1	20.2	0	0
coke		303.35	2.3	5	0	55.8	0	0
co2		44.009	0.9	2	0	34.1	0	0
cpppg3		660.8	3.6	8	8	212.0	0	0
crglz		353.4	-0.2	6	3	124.0	0	0
cpppg1		660.8	3.6	8	8	212.0	0	0
coumarin		146.14	1.4	2	0	26.3	0	0
crtn		113.12	-1.8	1	1	58.7	0	0
crvs		459.5	3.6	7	3	99.9	0	0
crn		161.2	-0.2	3	1	60.4	0	0
crtstrn		346.5	1.9	4	2	74.6	0	0
csn		111.1	-1.7	2	2	67.5	0	0
csa		1202.6	7.5	12	5	279.0	0	0
cynt		42.017	1.0	2	0	18.1	0	0
cyan		27.025	0.1	1	0	23.8	0	0
cys		121.16	-2.5	4	3	64.3	0	0
ctp		483.16	-5.6	14	7	268.0	0	0
cytd		243.22	-2.1	5	4	129.0	0	0
dadp		411.2	-3.3	13	5	212.0	0	0
dc2coa		919.8	-1.7	22	9	389.0	0	0
dcacoa		921.8	-1.6	22	9	389.0	0	0
dcamp		463.29	-3.2	15	7	247.0	0	0
dca3s		472.6	4.5	7	3	130.0	0	0
datp		491.18	-4.4	16	6	259.0	0	0
damp		331.22	-2.2	10	4	166.0	0	0
dchac		391.6	5.6	4	2	80.6	0	0
dca		128.94	0.9	2	1	37.3	0	0
dcsptn1coa		1080.0	1.4	22	9	389.0	0	0
dcsptn1crn		473.7	7.5	4	0	66.4	0	0
dcdp		387.18	-4.5	10	5	201.0	0	0
dd2coa		947.8	-0.6	22	9	389.0	0	0
dcyt		227.22	-1.8	4	3	108.0	0	0
dctp		467.16	-5.6	13	6	248.0	0	0
dcmp		307.2	-3.4	7	4	155.0	0	0
ddcacoa		945.8	-0.8	22	5	400.0	0	0
decdicrn		311.4	2.9	4	1	77.4	0	0
decdp		859.1	15.6	7	3	113.0	0	0
dedoldp		518.6	6.3	7	3	113.0	0	0
debrisoquine		175.23	0.8	1	2	53.1	0	0
dgchol		449.6	4.3	5	4	107.0	0	0
dha		90.08	-1.4	3	2	57.5	0	0
dhap		170.06	-2.5	6	3	104.0	0	0
dgsn		267.24	-0.9	6	4	135.0	0	0
dgcholcoa		1142.1	-0.5	24	11	429.0	0	0
dhcholestanate		434.7	6.6	4	3	77.8	0	0
dhbpt		239.23	-2.6	5	4	133.0	0	0
dgdp		427.2	-4.5	12	6	228.0	0	0
dhcholoylcoa		1182.2	0.8	24	11	429.0	0	0
dgtp		507.18	-5.6	15	7	275.0	0	0
dgmp		347.22	-3.0	9	5	182.0	0	0
dheas		368.5	2.8	5	1	89.1	0	0
dhdascb		174.11	-1.0	6	2	101.0	0	0
dhea		288.4	3.2	2	1	37.3	0	0
dhf		441.4	0.4	10	5	213.0	0	0
dhmtp		162.21	0.8	4	2	82.8	0	0
diholineth		349.5	6.0	2	2	49.3	0	0
ditp		488.13	-5.3	15	2	260.0	0	0
dkmpp		242.19	-1.6	7	2	126.0	0	0
didp		412.19	-3.9	12	5	202.0	0	0
dimp		332.21	-2.8	9	4	156.0	0	0
din		252.23	-1.7	6	3	109.0	0	0
dmhptcoa		907.8	-2.4	22	9	389.0	0	0
dmgly		103.12	-2.9	3	1	40.5	0	0
dmhptcrn		301.42	3.7	4	0	66.4	0	0
dmnoncrn		329.5	4.4	4	0	66.4	0	0
dmpp		246.09	-1.1	7	3	113.0	0	0
dnad		665.4	-5.3	19	8	312.0	0	0
docohxeth		371.6	5.3	2	2	49.3	0	0
dolglcp		602.7	6.1	9	5	146.0	0	0
dodecanac		230.3	3.2	4	2	74.6	0	0
doldp		520.6	6.6	7	3	113.0	0	0
docoscoa		1090.1	4.9	22	9	389.0	0	0
docosdiac		370.6	8.6	4	2	74.6	0	0
dopa4glcur		329.3	-3.3	9	6	163.0	0	0
dopa		153.18	-1.0	3	3	66.5	0	0
dopaqn		195.17	-3.4	5	2	97.5	0	0
dopasf		233.24	-3.0	6	3	118.0	0	0
dpcoa		687.6	-4.7	18	9	301.0	0	0
duri		228.2	-1.6	5	3	99.1	0	0
drib		133.15	-1.7	4	4	72.7	0	0
dtdp		402.19	-3.9	11	5	192.0	0	0
dtmp		322.21	-2.8	8	4	146.0	0	0
e4p		200.08	-3.3	7	4	124.0	0	0
dttp		482.17	-5.0	14	6	239.0	0	0
dudp		388.16	-4.4	11	5	192.0	0	0
dump		308.18	-3.3	8	4	146.0	0	0
eandrstrn		304.4	2.7	3	2	57.5	0	0
egme		199.25	0.6	4	1	49.8	0	0
dutp		468.14	-5.5	14	6	239.0	0	0
eicostet		296.4	5.3	2	1	37.3	0	0
eicostetcoa		1054.0	0.9	22	9	389.0	0	0
ebastine		469.7	7.2	3	0	29.5	0	0
eidi1114ac		308.5	7.9	2	1	37.3	0	0
elaid		282.5	6.5	2	1	37.3	0	0
elaidcrn		425.6	7.9	4	0	66.4	0	0
estriolglc		464.5	1.1	9	6	157.0	0	0
estradiolglc		448.5	1.1	8	5	137.0	0	0
estrones		350.4	2.5	5	1	89.1	0	0
estradiol		272.4	4.0	2	2	40.5	0	0
estrone		270.4	3.1	2	1	37.3	0	0
estriol		288.4	2.5	3	3	60.7	0	0
ethmalac		132.11	0.4	4	2	74.6	0	0
ethmalcoa		881.6	-5.0	24	10	426.0	0	0
etoh		46.07	-0.1	1	1	20.2	0	0
f1a		673.6	-9.9	19	12	339.0	0	0
f6p		260.14	-3.9	9	6	157.0	0	0
etha		61.08	-1.3	2	2	46.3	0	0
fadh2		787.6	-4.8	21	11	356.0	0	0
fdp		340.12	-5.6	12	7	203.0	0	0
ethamp		141.06	-4.8	5	3	92.8	0	0
fald		30.026	1.2	1	0	17.1	0	0
fe3		55.84	0.0	0	0	0.0	0	0
fad		785.5	-5.0	20	9	356.0	0	0
fgam		314.19	-4.3	9	6	175.0	0	0
fna5moxam		264.28	0.6	4	2	84.5	0	0
fol		441.4	-1.1	10	6	209.0	0	0
for		45.017	0.5	2	0	40.1	0	0
fmn		456.3	-2.6	10	6	202.0	0	0
fpram		313.2	-4.6	9	6	184.0	0	0
forglu		174.15	-1.1	5	3	113.0	0	0
formcoa		791.5	-5.9	22	5	400.0	0	0
frdp		382.33	2.6	7	3	113.0	0	0
fprica		366.22	-4.0	10	6	206.0	0	0
fru		180.16	-2.8	6	5	110.0	0	0
fuc		164.16	-2.2	5	4	98.0	0	0
f1p		260.14	-4.5	9	6	157.0	0	0
fvs		411.5	3.5	5	3	82.7	0	0
g3pc		257.22	-2.3	6	2	99.1	0	0
g3p		170.06	-2.7	6	3	104.0	0	0
fum		114.06	1.0	4	0	80.3	0	0
g1p		260.14	-3.8	9	6	157.0	0	0
g6p		260.14	-4.5	9	6	165.0	0	0
ga1		348.4	0.2	6	3	104.0	0	0
gal		180.16	-2.6	6	5	110.0	0	0
gal1p		260.14	-3.8	9	6	157.0	0	0
galt		182.17	-3.1	6	6	121.0	0	0
gca3s		545.7	2.5	9	5	179.0	0	0
gchola		465.6	2.9	6	5	127.0	0	0
gam		179.17	-2.8	6	5	116.0	0	0
gcdca3s		529.7	3.9	8	4	159.0	0	0
gcald		60.05	-0.9	2	1	37.3	0	0
gam6p		259.15	-6.8	9	6	163.0	0	0
gar		286.18	-6.8	9	6	172.0	0	0
gd3		157.25	0.0	0	0	0.0	0	0
gdca3s		529.7	3.9	8	4	159.0	0	0
gdpmann		605.3	-6.2	18	10	327.0	0	0
gdpfuc		589.3	-5.7	17	9	307.0	0	0
glc		180.16	-2.6	6	5	110.0	0	0
glac		176.12	-1.8	6	3	104.0	0	0
glcn		195.15	-2.7	7	5	141.0	0	0
glcur		194.14	-2.3	7	5	127.0	0	0
gdp		443.2	-4.6	13	7	248.0	0	0
glcur1p		274.12	-3.4	10	6	174.0	0	0
gln		146.14	-3.1	4	3	106.0	0	0
glcr		210.14	-2.5	8	6	156.0	0	0
glnasngln		388.38	-7.3	8	7	251.0	0	0
glnhishis		420.4	-5.1	8	7	222.0	0	0
glnhislys		411.5	-5.1	8	7	219.0	0	0
glnlyslys		402.5	-6.5	8	7	217.0	0	0
glnlystrp		460.5	-3.8	7	7	206.0	0	0
glntyrleu		422.5	-3.8	7	6	185.0	0	0
glu		147.13	-3.7	5	3	101.0	0	0
gluargleu		415.5	-5.9	7	7	229.0	0	0
glu5sa		131.13	-3.8	4	2	80.4	0	0
gluasnleu		373.4	-4.6	7	6	208.0	0	0
glucys		250.27	-3.8	7	5	131.0	0	0
gluilelys		388.5	-6.9	8	6	185.0	0	0
gluleu		260.29	-3.3	6	4	130.0	0	0
gluglu		276.24	-5.1	8	5	167.0	0	0
glutcon		130.1	-0.3	4	2	74.6	0	0
glutar		132.11	-0.3	4	2	74.6	0	0
gluthr		248.23	-4.4	7	5	150.0	0	0
gluside		183.19	0.9	3	1	71.6	0	0
glutrpala		404.4	-3.1	7	6	175.0	0	0
glumet		278.33	-3.7	7	4	155.0	0	0
glutacoa		879.6	-5.7	24	10	426.0	0	0
glx		74.04	-0.3	3	1	54.4	0	0
gluthrlys		376.41	-7.2	9	7	205.0	0	0
gly		75.07	-3.2	3	2	63.3	0	0
glyb		117.15	0.5	2	0	40.1	0	0
glyc		92.09	-1.8	3	3	60.7	0	0
glyc2p		172.07	-2.9	6	4	107.0	0	0
glyc3p		172.07	-2.9	6	4	107.0	0	0
glyhisasn		326.31	-5.7	7	6	193.0	0	0
glyleu		188.22	-2.3	4	3	92.4	0	0
glyhislys		340.38	-4.4	7	6	176.0	0	0
glylyscys		306.38	-4.2	7	6	149.0	0	0
glylysphe		350.4	-3.2	6	5	148.0	0	0
glypro		172.18	-3.1	4	2	83.6	0	0
glysar		146.14	-3.9	4	2	83.6	0	0
glytyrlys		366.4	-3.8	7	6	168.0	0	0
glyphe		222.24	-2.7	4	3	92.4	0	0
glyvalhis		311.34	-3.2	6	5	150.0	0	0
glz		323.4	1.5	4	2	86.9	0	0
gpi		360.4	3.1	5	0	76.6	0	0
gq1b		1969.7	-17.1	55	31	989.0	0	0
gmp		363.22	-3.5	10	6	202.0	0	0
gq1c		2517.8	0.9	55	34	965.0	0	0
gt1b		1695.5	-15.3	48	28	860.0	0	0
gt1a		1890.9	-9.3	47	30	832.0	0	0
gt2		359.6	3.4	3	3	78.4	0	0
grdp		314.21	0.7	7	3	113.0	0	0
gudac		117.11	-1.6	3	3	102.0	0	0
gullac		178.14	-2.0	6	4	107.0	0	0
gudca3s		529.7	3.9	8	4	159.0	0	0
gsn		283.24	-1.9	7	5	155.0	0	0
gthrd		307.33	-4.5	8	6	160.0	0	0
gua		151.13	-1.1	3	3	96.2	0	0
guln		195.15	-2.7	7	5	141.0	0	0
gtp		523.18	-5.7	16	8	295.0	0	0
h		1.008	0.0	0	1	0.0	0	0
h2co3		62.025	-0.1	3	2	57.5	0	0
h2o2		34.015	-0.9	2	2	40.5	0	0
h2o		18.015	-0.5	1	1	1.0	0	0
hco3		61.017	0.5	3	1	60.4	0	0
hcys		121.16	-2.5	4	3	64.3	0	0
ha		799.6	0.0	23	14	400.0	0	0
hdcea		254.41	6.4	2	1	37.3	0	0
hdca		256.42	6.4	2	1	37.3	0	0
hdd2coa		1003.9	1.6	22	9	389.0	0	0
hdcecrn		399.6	7.7	4	0	66.4	0	0
hdl		195.13	-3.2	7	6	147.0	0	0
hdd2crn		397.6	7.6	4	0	66.4	0	0
hestratriol		288.4	3.7	3	3	60.7	0	0
hexdtr		250.38	4.8	2	1	37.3	0	0
hexdicoa		1030.9	0.2	24	5	440.0	0	0
hhxdcal		256.42	6.3	2	1	37.3	0	0
his		155.15	-3.2	4	3	92.0	0	0
hisargser		398.42	-6.0	8	8	235.0	0	0
hisasp		270.24	-4.4	7	5	158.0	0	0
hisglnala		354.36	-4.9	7	6	193.0	0	0
hisglugln		412.4	-5.4	9	7	231.0	0	0
hishislys		420.5	-4.2	8	7	205.0	0	0
hisglylys		411.5	-4.2	8	7	202.0	0	0
hislysala		354.41	-4.0	7	6	176.0	0	0
hislysile		396.5	-2.7	7	6	176.0	0	0
hismetgln		414.5	-4.3	8	6	219.0	0	0
hislysthr		384.43	-4.6	8	7	196.0	0	0
hismet		286.35	-2.8	6	4	146.0	0	0
hisprolys		380.4	-4.7	7	5	167.0	0	0
hislysval		382.5	-3.0	7	6	176.0	0	0
hisphearg		458.5	-3.3	7	7	215.0	0	0
histrphis		478.5	-2.9	7	7	195.0	0	0
hmbil		854.8	-0.9	17	13	382.0	0	0
hmcr		189.21	-3.9	4	4	118.0	0	0
hom		233.22	0.3	4	2	89.6	0	0
homoval		182.17	0.4	4	2	66.8	0	0
hpdcacoa		1020.0	2.2	22	9	389.0	0	0
hpdcacrn		413.6	8.3	4	0	66.4	0	0
hpyr		104.06	-1.0	4	2	74.6	0	0
hnifedipine		362.3	0.9	8	2	131.0	0	0
hx2coa		863.7	-3.8	22	9	389.0	0	0
hs		269.1336	0.0	0	0	0.0	0	0
ibcoa		837.6	-4.6	22	9	389.0	0	0
hxan		136.11	-0.5	3	2	70.1	0	0
hxa		115.15	2.6	2	0	40.1	0	0
ibupgluc		382.4	2.0	8	4	134.0	0	0
idl		176.17	1.3	3	1	54.6	0	0
icit		192.12	-1.8	7	4	132.0	0	0
idour		194.14	-2.3	7	5	127.0	0	0
i		253.8089	1.7	0	0	0.0	0	0
ileargile		400.5	-3.6	6	6	186.0	0	0
ileasnhis		382.42	-3.9	7	6	193.0	0	0
im4ac		126.11	-0.4	3	2	66.0	0	0
im4act		110.11	-0.5	2	1	45.8	0	0
ind56qn		147.13	-0.3	3	1	46.2	0	0
ipdp		246.09	-0.9	7	3	113.0	0	0
inost		180.16	-3.7	6	6	121.0	0	0
ins		268.23	-1.3	7	4	129.0	0	0
imp		348.21	-3.0	10	5	176.0	0	0
iodine		253.8089	1.7	0	0	0.0	0	0
ivcoa		851.7	-4.3	22	9	389.0	0	0
k		39.0983	0.0	0	0	0.0	0	0
isochol		152.15	-0.6	3	2	62.2	0	0
ksi		278.35	2.4	3	2	59.6	0	0
itp		508.17	-5.1	16	7	269.0	0	0
kdn		268.22	-3.5	9	7	168.0	0	0
kynate		189.17	1.3	4	2	66.4	0	0
lca3s		456.6	5.9	6	2	109.0	0	0
leu		131.17	-1.5	3	2	63.3	0	0
leuasplys		374.43	-5.6	8	6	185.0	0	0
leugly		188.22	-2.3	4	3	92.4	0	0
leualaarg		358.44	-4.5	6	6	186.0	0	0
leuktrB4		335.5	4.8	4	2	80.6	0	0
leuleutrp		430.5	0.2	5	5	137.0	0	0
leuleu		244.33	-1.5	4	3	92.4	0	0
leupro		228.29	-1.8	4	2	83.6	0	0
leuproarg		384.5	-4.1	6	5	177.0	0	0
leutrp		317.4	-0.8	4	4	108.0	0	0
leutrparg		473.6	-2.2	6	7	202.0	0	0
leuval		230.3	-2.0	4	3	92.4	0	0
leutyrtyr		457.5	-1.4	7	6	162.0	0	0
lgnc		368.6	10.7	2	1	37.3	0	0
lgt		210.14	-2.5	8	6	156.0	0	0
lineth		323.5	5.6	2	2	49.3	0	0
lipoate		205.3	2.3	4	0	90.7	0	0
lneldccoa		1025.9	0.8	22	5	400.0	0	0
lnlccrn		423.6	7.2	4	0	66.4	0	0
lneldccrn		423.6	7.2	4	0	66.4	0	0
lnlccoa		1030.0	1.1	22	9	389.0	0	0
lnlncacoa		1028.0	0.5	22	9	389.0	0	0
lnlncg		278.4	5.9	2	1	37.3	0	0
lnlncgcoa		1028.0	0.5	22	9	389.0	0	0
lstn		422.9	4.3	5	2	92.5	0	0
lstn1gluc		599.0	2.4	11	5	189.0	0	0
lthstrl		386.7	8.3	1	1	20.2	0	0
lys		146.19	-3.0	4	3	89.3	0	0
lyscyshis		386.5	-4.1	8	7	177.0	0	0
lysargleu		415.5	-5.0	7	7	212.0	0	0
lysglnphe		421.5	-3.5	7	6	191.0	0	0
lyspheile		406.5	-1.9	6	5	148.0	0	0
lystrparg		488.6	-3.7	7	8	228.0	0	0
lyslyslys		402.5	-5.6	8	7	200.0	0	0
lystyrile		422.5	-2.3	7	6	168.0	0	0
lysvalphe		392.5	-2.9	6	5	148.0	0	0
lysvaltrp		431.5	-1.7	6	6	163.0	0	0
m2mn		707.6	-7.9	21	14	357.0	0	0
malthp		1153.0	-15.8	36	23	593.0	0	0
maltpt		828.7	-11.5	26	17	435.0	0	0
malthx		990.9	-13.6	31	20	514.0	0	0
man6p		260.14	-4.2	9	6	157.0	0	0
man1p		260.14	-3.8	9	6	157.0	0	0
maltttr		666.6	-9.3	21	14	356.0	0	0
malt		214.31	3.2	1	1	19.0	0	0
mdz		325.8	2.5	3	0	30.2	0	0
man		180.16	-2.6	6	5	110.0	0	0
mepi		197.23	-1.0	4	3	61.7	0	0
mercplaccys		241.3	-3.7	8	4	171.0	0	0
meoh		32.042	-0.5	1	1	20.2	0	0
mercppyr		120.13	0.0	4	2	55.4	0	0
melanin		318.3	-1.2	6	2	92.3	0	0
met		149.21	-1.9	4	2	88.6	0	0
mercplac		122.15	-0.5	4	3	58.5	0	0
metasntyr		426.5	-3.8	8	6	210.0	0	0
metargleu		418.6	-3.3	7	6	211.0	0	0
metglntyr		440.5	-3.4	8	6	210.0	0	0
methf		456.4	-1.7	8	6	189.0	0	0
methislys		414.5	-3.3	8	6	202.0	0	0
metglyarg		362.45	-4.5	7	6	211.0	0	0
metmetile		393.6	-2.2	7	4	172.0	0	0
metphearg		452.6	-3.5	7	6	211.0	0	0
mettrpphe		482.6	-0.2	6	5	163.0	0	0
mhista		125.17	-0.6	2	1	43.8	0	0
mev		153.14	0.6	3	0	63.6	0	0
mi134p		420.1	-7.0	15	9	261.0	0	0
mi13p		336.08	-6.2	12	4	226.0	0	0
mi14p		340.12	-5.9	12	8	214.0	0	0
mi34p		340.12	-5.9	12	8	214.0	0	0
minohp		660.04	-10.3	24	12	401.0	0	0
mma		31.057	-0.7	1	1	26.0	0	0
mlthf		457.4	-0.5	10	6	190.0	0	0
mqn11		921.5	21.9	2	0	34.1	0	0
mqn10		853.3	20.1	2	0	34.1	0	0
mn		383.35	-4.7	11	8	198.0	0	0
msa		87.05	0.1	3	0	57.2	0	0
mqn8		717.1	16.4	2	0	34.1	0	0
mqn9		785.2	18.2	2	0	34.1	0	0
mthgxl		72.06	-0.4	2	0	34.1	0	0
n8aspmd		187.28	-0.8	3	3	67.2	0	0
nacvanala		253.25	0.1	5	3	95.9	0	0
na1		22.9897693	0.0	0	0	0.0	0	0
nad		663.4	-6.0	18	7	321.0	0	0
nadp		740.4	-7.3	21	5	376.0	0	0
napqi		149.15	0.1	2	0	46.5	0	0
ncam		122.12	-0.4	2	1	56.0	0	0
ndersv		467.5	1.5	10	4	158.0	0	0
nadh		665.4	-5.7	19	8	318.0	0	0
nadph		745.4	-6.8	22	9	364.0	0	0
nfd		346.3	2.2	7	1	110.0	0	0
nh4		18.039	-0.7	0	1	1.0	0	0
nformanth		164.14	1.8	3	1	69.2	0	0
nicrnt		336.21	-2.7	9	5	158.0	0	0
no		30.006	0.2	1	0	18.1	0	0
no2		46.006	-0.8	3	0	52.5	0	0
nrpphr		169.18	-1.2	4	4	86.7	0	0
npthl		128.17	3.3	0	0	0.0	0	0
nifedipine		346.3	2.2	7	1	110.0	0	0
nwharg		190.2	-4.3	5	5	134.0	0	0
nmn		334.22	-3.5	8	4	166.0	0	0
nrvnc		366.6	9.8	2	1	37.3	0	0
o2s		31.999	-1.0	1	0	24.1	0	0
oaa		132.07	-0.6	5	2	91.7	0	0
occoa		889.7	-3.0	22	5	400.0	0	0
ocdcea		281.5	7.9	2	0	40.1	0	0
o2		31.999	-1.1	2	0	34.1	0	0
ocdca		283.5	8.1	2	0	40.1	0	0
octd11ecoa		1032.0	1.8	22	9	389.0	0	0
odecoa		1032.0	1.8	22	9	389.0	0	0
od2coa		1032.0	2.7	22	9	389.0	0	0
octa		143.2	3.7	2	0	40.1	0	0
oleth		325.5	6.3	2	2	49.3	0	0
onpthl		144.17	1.8	1	0	12.5	0	0
oxa		88.02	1.0	4	0	80.3	0	0
orn		132.16	-4.4	4	3	89.3	0	0
orot5p		368.19	-4.2	11	6	203.0	0	0
oxy7rb		283.22	-1.7	9	3	130.0	0	0
omeprazole		345.4	2.2	6	1	96.3	0	0
pac		136.15	1.4	2	1	37.3	0	0
oxyp		152.11	-0.9	3	3	86.9	0	0
pacald		120.15	1.8	1	0	17.1	0	0
paf		523.7	6.5	7	0	94.1	0	0
pa		231.03588	0.0	0	0	0.0	0	0
pap		427.2	-4.6	14	6	233.0	0	0
pan4p		358.35	-2.1	8	6	146.0	0	0
paps		507.27	-5.0	17	6	284.0	0	0
pcollg5hlys		162.19	-4.2	5	4	110.0	0	0
pcreat		211.11	-2.6	6	4	136.0	0	0
pcresol		108.14	1.9	1	1	20.2	0	0
pcrn		217.26	0.9	4	0	66.4	0	0
pcs		188.2	1.3	4	1	72.0	0	0
pd3		384.6	7.7	1	1	20.2	0	0
pdx5p		249.16	-1.9	7	4	120.0	0	0
peamn		121.18	1.4	1	1	26.0	0	0
pe161		687.9	10.6	8	1	139.0	0	0
pentcoa		851.7	-4.2	22	9	389.0	0	0
phaccoa		885.7	-4.0	22	9	389.0	0	0
phe		165.19	-1.5	3	2	63.3	0	0
pheacgln		264.28	0.0	4	3	109.0	0	0
perillyl		152.23	2.1	1	1	20.2	0	0
pep		168.04	-1.1	6	3	104.0	0	0
pheacgly		193.2	0.7	3	2	66.4	0	0
pheasp		280.28	-3.5	6	4	130.0	0	0
pheasnmet		410.5	-3.4	7	5	190.0	0	0
pheglnphe		440.5	-2.8	6	5	165.0	0	0
pheleu		278.35	-1.2	4	3	92.4	0	0
pheleuhis		415.5	-1.9	6	5	150.0	0	0
phelyspro		390.5	-2.9	6	4	139.0	0	0
phelysala		364.4	-3.4	6	5	148.0	0	0
phephe		312.4	-0.8	4	3	92.4	0	0
pheproarg		418.5	-3.8	6	5	177.0	0	0
phethrlys		394.5	-3.5	7	6	168.0	0	0
phesertrp		438.5	-2.1	6	6	158.0	0	0
phetyr		328.4	-1.7	5	4	113.0	0	0
phetrpleu		464.6	0.3	5	5	137.0	0	0
phpyr		164.16	1.3	3	1	54.4	0	0
phsphings		317.5	4.6	4	4	86.7	0	0
phom		199.1	-5.5	7	4	130.0	0	0
phsph1p		397.5	1.3	7	5	133.0	0	0
phyt		312.5	8.3	2	1	37.3	0	0
phyQ		450.7	10.9	2	0	34.1	0	0
pmtcoa		1001.9	1.4	22	5	400.0	0	0
phytcoa		1058.0	2.6	22	5	400.0	0	0
phyt2ohcoa		1078.1	2.1	23	10	409.0	0	0
pmeth		299.5	6.2	2	2	49.3	0	0
pmtcrn		399.6	7.7	4	0	66.4	0	0
pi		94.971	-2.3	4	0	86.3	0	0
ppbng		226.23	-3.5	5	4	116.0	0	0
ppcoa		823.6	-5.1	22	9	389.0	0	0
pre		226.18	-0.5	6	3	112.0	0	0
ppp9		562.7	4.6	6	4	132.0	0	0
pppi		252.92	-4.7	10	0	185.0	0	0
pram		229.13	-6.2	8	5	142.0	0	0
ppi		173.94	-3.5	7	0	136.0	0	0
prgnlones		396.5	3.8	5	1	89.1	0	0
pppg9		568.7	5.7	4	6	138.0	0	0
pro		115.13	-2.5	3	2	49.3	0	0
prist		298.5	8.0	2	1	37.3	0	0
proargcys		374.46	-5.6	7	7	173.0	0	0
proasncys		332.38	-5.9	7	6	152.0	0	0
procys		218.28	-3.8	5	4	79.4	0	0
prohis		252.27	-3.9	5	4	107.0	0	0
prohistyr		415.4	-2.9	7	6	156.0	0	0
proleuarg		384.5	-4.2	6	6	172.0	0	0
prolyspro		340.42	-3.8	6	4	125.0	0	0
progly		174.2	-2.7	5	3	70.6	0	0
prophe		262.3	-2.1	4	3	78.4	0	0
proproarg		368.43	-3.8	6	5	163.0	0	0
propropro		309.36	-2.3	5	2	90.0	0	0
prostgd2		352.5	2.6	5	3	94.8	0	0
prostge1		354.5	3.2	5	3	94.8	0	0
prostge2		352.5	2.8	5	3	94.8	0	0
prostgi2		352.5	2.9	5	3	87.0	0	0
prostgh2		352.5	3.8	5	2	76.0	0	0
prostgf2		354.5	2.7	5	4	98.0	0	0
protrplys		429.5	-1.9	6	6	149.0	0	0
protrpthr		402.4	-2.4	6	6	144.0	0	0
provalgln		342.39	-4.5	6	5	151.0	0	0
prpp		390.07	-5.8	14	7	230.0	0	0
pser		185.07	-5.1	7	4	130.0	0	0
psyl		494.9	15.6	2	1	37.3	0	0
ptth		278.37	-1.0	5	5	99.7	0	0
ptdcacoa		991.9	1.1	22	9	389.0	0	0
pvs		424.5	1.6	7	4	124.0	0	0
ptvstlac		403.4	4.3	5	1	59.4	0	0
ptvst		421.5	3.5	6	3	90.7	0	0
pyam5p		248.17	-4.4	7	4	126.0	0	0
pydam		168.19	-1.0	4	3	79.4	0	0
ptrc		88.15	-0.9	2	2	52.0	0	0
pvsgluc		600.7	0.7	13	7	221.0	0	0
pydx		167.16	0.0	4	2	70.4	0	0
pydx5p		247.14	-1.1	7	3	117.0	0	0
pydxn		169.18	-0.8	4	3	73.6	0	0
q10		863.3	19.4	4	0	52.6	0	0
q10h2		865.4	20.2	4	2	58.9	0	0
pyr		87.05	-0.6	3	0	57.2	0	0
r1p		230.11	-3.1	8	5	137.0	0	0
quln		167.12	0.2	5	2	87.5	0	0
rbl		150.13	-2.6	5	4	98.0	0	0
r5p		230.11	-3.6	8	5	137.0	0	0
rbt		152.15	-2.5	5	5	101.0	0	0
retinal		284.4	6.2	1	0	17.1	0	0
retn		300.4	6.3	2	1	37.3	0	0
retnglc		476.6	4.4	8	4	134.0	0	0
retinol		286.5	5.7	1	1	20.2	0	0
rib		150.13	-2.5	5	4	90.2	0	0
rsv		481.5	1.6	10	3	149.0	0	0
ru5p		253.1	0.0	8	5	145.0	0	0
s2l2fn2m2masn		284.2	-0.3	8	2	119.0	0	0
rsvlac		463.5	2.4	9	1	118.0	0	0
s7p		290.16	-5.0	10	7	185.0	0	0
sTn		188.22	-0.2	3	2	83.6	0	0
ser		105.09	-3.1	4	3	83.6	0	0
serargtrp		447.5	-4.6	7	8	222.0	0	0
serlyshis		370.4	-5.0	8	7	196.0	0	0
serargala		332.36	-5.9	7	7	206.0	0	0
selmeth		196.12	0.0	3	2	63.3	0	0
sercysarg		364.42	-5.9	8	8	207.0	0	0
serphelys		380.4	-3.4	7	6	168.0	0	0
sl		218.25	-2.5	5	4	113.0	0	0
sertrphis		428.4	-3.7	7	7	186.0	0	0
slfcys		201.2	-4.0	7	3	151.0	0	0
so4		96.07	-1.5	4	0	88.6	0	0
so3		80.07	-1.6	4	0	82.4	0	0
smv		143.2	1.3	2	1	86.4	0	0
sphs1p		379.5	1.9	6	4	113.0	0	0
stcrn		427.7	8.8	4	0	66.4	0	0
srtn		176.21	0.2	2	3	62.0	0	0
spmd		145.25	-1.0	3	3	64.1	0	0
subeac		174.19	1.0	4	2	74.6	0	0
strdnccrn		419.6	5.5	4	0	66.4	0	0
steeth		327.5	7.3	2	2	49.3	0	0
strdnccoa		1025.9	-0.2	22	9	389.0	0	0
sucacetat		202.16	-1.1	6	2	109.0	0	0
sucaceto		158.15	-0.8	4	1	71.4	0	0
sucsal		102.09	-0.8	3	1	54.4	0	0
succoa		867.6	-6.2	24	10	426.0	0	0
succ		116.07	0.7	4	0	80.3	0	0
tacr		804.0	2.7	12	3	178.0	0	0
tag		180.16	-2.8	6	5	110.0	0	0
tca3s		595.8	1.8	10	5	204.0	0	0
taxol		853.9	2.5	14	4	221.0	0	0
tcdca3s		579.8	3.2	9	4	184.0	0	0
tcynt		58.08	0.6	2	0	24.8	0	0
tdchola		499.7	3.6	6	4	132.0	0	0
tdec4ecoa		915.7	-2.6	22	5	400.0	0	0
tdechola		498.7	3.5	6	3	135.0	0	0
tethex3coa		1106.1	1.7	22	9	389.0	0	0
tethex3		356.5	7.3	2	1	37.3	0	0
tetpent3coa		1108.1	2.3	22	9	389.0	0	0
thcholoylcoa		1200.2	-0.2	25	12	450.0	0	0
tettet6crn		503.8	9.1	4	0	66.4	0	0
thbpt4acam		239.23	-2.6	5	4	133.0	0	0
thbpt		241.25	-1.9	6	6	132.0	0	0
thcholst		434.7	5.2	4	3	77.8	0	0
tettet6coa		1110.1	3.0	22	9	389.0	0	0
thcholstoic		450.7	5.2	5	4	98.0	0	0
thexdd		252.39	5.5	2	1	37.3	0	0
thmmp		345.34	-0.1	8	3	151.0	0	0
thf		443.4	0.7	10	6	213.0	0	0
thexddcoa		997.9	-0.3	22	5	400.0	0	0
thmpp		425.32	-1.2	11	4	197.0	0	0
thm		265.36	1.0	5	2	104.0	0	0
thr		119.12	-2.9	4	3	83.6	0	0
thp2c		126.13	0.5	3	0	52.5	0	0
thrargtyr		438.5	-5.8	8	8	226.0	0	0
thrasntyr		396.4	-4.4	8	7	205.0	0	0
thrilearg		388.46	-4.2	7	7	206.0	0	0
thrglntyr		410.4	-5.8	8	7	205.0	0	0
thrnt		136.1	-2.1	5	4	98.0	0	0
thrphearg		422.5	-3.7	7	7	206.0	0	0
thrmetarg		406.5	-4.7	8	7	231.0	0	0
thrthrarg		376.41	-5.9	8	8	226.0	0	0
thrserarg		362.38	-6.8	8	8	226.0	0	0
thrtyrmet		413.5	-2.9	8	6	187.0	0	0
tiggly		157.17	0.3	3	2	66.4	0	0
tmd		348.4	2.7	5	3	109.0	0	0
tmlys		188.27	-1.6	3	1	66.2	0	0
tmndnccrn		445.6	5.6	4	1	77.4	0	0
tmndnccoa		1052.0	0.2	22	9	389.0	0	0
trp		204.22	-1.1	3	3	79.1	0	0
trdrd		230.31	-0.3	3	3	93.5	0	0
tridcoa		963.9	0.1	22	9	389.0	0	0
triodthysuf		731.0	1.1	8	3	145.0	0	0
trpalapro		372.4	-1.2	5	4	129.0	0	0
tre		342.3	-4.2	11	8	190.0	0	0
tolbutamide		270.35	2.3	3	2	83.7	0	0
trpglngln		460.5	-4.6	7	7	223.0	0	0
trpargala		431.5	-3.4	6	7	202.0	0	0
trpglugly		390.4	-2.8	7	6	175.0	0	0
trpglupro		430.5	-1.7	7	5	166.0	0	0
trpgluleu		446.5	-1.5	7	6	175.0	0	0
trpglutyr		496.5	-1.9	8	7	195.0	0	0
trpglyleu		374.4	-1.0	5	5	137.0	0	0
trpglyphe		408.4	-1.4	5	5	137.0	0	0
trphismet		472.6	-1.9	7	6	191.0	0	0
trpilelys		445.6	-2.0	6	6	163.0	0	0
trpglyval		360.4	-1.4	5	5	137.0	0	0
trpiletrp		503.6	0.8	5	6	153.0	0	0
trplys		332.4	-2.3	5	5	134.0	0	0
trpmetarg		491.6	-2.5	7	7	227.0	0	0
trpleuval		416.5	-0.8	5	5	137.0	0	0
trpphe		351.4	-0.8	4	4	108.0	0	0
trpmetval		434.6	-1.5	6	5	163.0	0	0
trpproleu		414.5	0.1	5	4	129.0	0	0
trpprogly		358.4	-1.6	5	4	129.0	0	0
trpproval		400.5	-0.3	5	4	129.0	0	0
trpthrile		418.5	-2.4	6	6	158.0	0	0
trpsertyr		454.5	-2.4	7	7	178.0	0	0
trptyrtyr		530.6	-0.1	7	7	178.0	0	0
trptyrgln		495.5	-2.5	7	7	201.0	0	0
ts3		384.6	7.7	1	1	20.2	0	0
trpthrtyr		468.5	-2.0	7	7	178.0	0	0
tsul		113.14	0.3	4	1	101.0	0	0
ttc		334.8	0.0	3	0	34.6	0	0
txa2		352.5	3.4	5	2	76.0	0	0
tym		137.18	1.1	2	2	46.3	0	0
tymsf		217.24	-2.0	5	2	98.0	0	0
txb2		370.5	2.4	6	4	107.0	0	0
tyr		181.19	-2.3	4	3	83.6	0	0
tyrala		252.27	-3.1	5	4	113.0	0	0
tyrasparg		452.5	-5.4	9	8	243.0	0	0
tyrargser		424.5	-6.0	8	8	226.0	0	0
tyrcysthr		385.4	-3.7	8	7	163.0	0	0
tyrcysgly		341.38	-3.7	7	6	143.0	0	0
tyrleuarg		450.5	-3.2	7	7	206.0	0	0
tyrglu		310.3	-3.6	7	5	150.0	0	0
tyrtyr		344.4	-1.9	6	5	133.0	0	0
tyrthr		282.29	-3.7	6	5	133.0	0	0
tyrphetyr		491.5	-0.7	7	6	162.0	0	0
uacgam		607.4	-6.6	17	9	300.0	0	0
udca3s		472.6	4.5	7	3	130.0	0	0
tyrtrpphe		514.6	0.2	6	6	158.0	0	0
udpacgal		607.4	-6.6	17	9	300.0	0	0
udpg		566.3	-6.3	17	9	292.0	0	0
udpgal		566.3	-6.3	17	9	292.0	0	0
udpglcur		580.28	-6.4	18	9	309.0	0	0
udp		404.16	-4.7	12	6	212.0	0	0
undcoa		935.8	-1.0	22	9	389.0	0	0
udpxyl		536.28	-6.6	16	8	271.0	0	0
uppg3		836.8	0.0	16	12	362.0	0	0
ura		112.09	-1.1	2	2	58.2	0	0
ump		324.18	-3.6	9	5	166.0	0	0
uri		244.2	-2.0	6	4	119.0	0	0
urate		168.11	-1.9	3	4	99.3	0	0
vacc		282.5	6.5	2	1	37.3	0	0
urea		60.056	-1.4	1	2	69.1	0	0
vacccoa		1032.0	1.8	22	9	389.0	0	0
val		117.15	-2.3	3	2	63.3	0	0
valarggly		330.38	-4.1	6	6	186.0	0	0
valhisasn		368.39	-4.3	7	6	193.0	0	0
valleuphe		377.5	-1.3	5	4	122.0	0	0
valphearg		420.5	-3.9	6	6	186.0	0	0
vallystyr		408.5	-3.0	7	6	168.0	0	0
valprotrp		400.5	-0.9	5	4	129.0	0	0
valserarg		360.41	-5.2	7	7	206.0	0	0
valval		216.28	-2.8	4	3	92.4	0	0
valtrpval		402.5	-0.4	5	5	137.0	0	0
valtrpphe		450.5	-0.1	5	5	137.0	0	0
whhdca		272.42	4.8	3	2	57.5	0	0
xan		152.11	-0.7	3	3	86.9	0	0
xmp		364.21	-4.0	10	6	192.0	0	0
xol25oh		402.7	6.8	2	2	40.5	0	0
xol24oh		402.7	7.0	2	2	40.5	0	0
xol27oh		402.7	7.1	2	2	40.5	0	0
xol7a		402.7	7.4	2	2	40.5	0	0
xol7ah2		404.7	8.0	2	2	40.5	0	0
xol7ah		402.7	7.6	2	1	37.3	0	0
xol7ah2al		418.7	6.5	3	2	57.5	0	0
xol7ah3		420.7	6.6	3	3	60.7	0	0
xoldiolone		416.6	6.0	3	2	57.5	0	0
xol7aone		400.6	7.3	2	1	37.3	0	0
xoldioloneh		418.7	6.3	3	2	57.5	0	0
xoltetrol		436.7	5.3	4	4	80.9	0	0
xoltri25		418.7	5.7	3	3	60.7	0	0
xoltri27		418.7	6.0	3	3	60.7	0	0
xyl		150.13	-2.5	5	4	90.2	0	0
zym		341.4	3.6	5	3	95.9	0	0
zymstnl		386.7	8.0	1	1	20.2	0	0
yvite		416.7	10.3	2	1	29.5	0	0
zn2		65.4	0.0	0	0	0.0	0	0
13dpg		266.04	-3.9	10	5	171.0	0	0
17ahprgstrn		330.5	3.2	3	1	54.4	0	0
23dh1i56dio		149.15	-0.4	3	1	46.2	0	0
3hodcoa		1050.0	1.4	23	10	409.0	0	0
3php		184.04	-2.1	7	3	121.0	0	0
4mptnl		100.16	1.3	1	0	17.1	0	0
5cysdopa		272.32	-2.5	7	5	155.0	0	0
7klitchol		389.5	5.3	4	1	77.4	0	0
C13856		378.5	5.3	4	2	66.8	0	0
C11821		184.11	-2.3	4	4	120.0	0	0
C14768		320.5	5.5	3	1	49.8	0	0
CE1944		70.11	-0.3	0	1	14.0	0	0
CE2251		1072.0	2.3	23	5	417.0	0	0
CE4881		82.47	0.0	3	1	48.1	0	0
CE5947		368.5	2.6	6	4	115.0	0	0
CE6031		370.5	3.3	5	1	89.1	0	0
HC00900		118.09	0.1	4	2	74.6	0	0
M00341		334.5	8.0	2	1	37.3	0	0
M02035		59.07	-1.3	1	3	75.9	0	0
M03024		233.13	0.0	4	4	78.3	0	0
asp		133.10	-2.8	5	3	101.0	0	0
bhb		104.10	-0.5	3	2	57.5	0	0
cholcoa		1154.1	-2.2	25	8	461.0	0	0
cs		132.9054520	0.0	0	0	0.0	0	0
dcholcoa		1142.1	-0.5	24	11	429.0	0	0
ddsmsterol		382.6	7.5	1	1	20.2	0	0
dhcholestancoa		1184.2	1.1	24	11	429.0	0	0
dopa4sf		233.24	-2.3	6	3	118.0	0	0
gdpddman		587.3	-5.3	17	8	304.0	0	0
glu5p		227.11	-5.0	8	4	147.0	0	0
glyald		90.08	-1.6	3	2	57.5	0	0
hisargcys		414.5	-5.0	8	8	216.0	0	0
hmcarn		240.26	-3.6	5	4	121.0	0	0
ile		131.17	-1.7	3	2	63.3	0	0
idp		428.19	-4.0	13	6	222.0	0	0
leusertrp		404.5	-2.1	6	6	158.0	0	0
mescoa		879.6	-5.5	24	10	426.0	0	0
nac		122.10	0.9	3	0	53.0	0	0
pect		194.14	-2.3	7	5	127.0	0	0
phacgly		193.20	0.7	3	2	66.4	0	0
proglnpro		340.37	-4.8	6	4	142.0	0	0
pristanal		282.5	7.8	1	0	17.1	0	0
tetpent6coa		1108.1	2.3	22	9	389.0	0	0
tettet6		360.6	10.0	2	1	37.3	0	0
triodthy		650.97	1.7	5	3	92.8	0	0
tyrvalmet		411.5	-2.1	7	5	167.0	0	0
utp		484.14	-5.8	15	7	259.0	0	0
vanilpyr		210.18	0.9	5	2	83.8	0	0
xoltriol		420.7	6.7	3	3	60.7	0	0
xtsn		284.23	-2.4	7	5	146.0	0	0
10fthf5glu		0.0	0.0	0	0	0.0	0	0
10fthf6glu		0.0	0.0	0	0	0.0	0	0
10fthf7glu		0.0	0.0	0	0	0.0	0	0
11_cis		0.0	0.0	0	0	0.0	0	0
11docrtsl		0.0	0.0	0	0	0.0	0	0
12HPET		0.0	0.0	0	0	0.0	0	0
12dhchol		0.0	0.0	0	0	0.0	0	0
12htacr		0.0	0.0	0	0	0.0	0	0
12ppd		0.0	0.0	0	0	0.0	0	0
1331tacr		0.0	0.0	0	0	0.0	0	0
13_cis		0.0	0.0	0	0	0.0	0	0
13dampp		0.0	0.0	0	0	0.0	0	0
13dmt		0.0	0.0	0	0	0.0	0	0
1513tacr		0.0	0.0	0	0	0.0	0	0
1531tacr		0.0	0.0	0	0	0.0	0	0
15dmt		0.0	0.0	0	0	0.0	0	0
18harachd		0.0	0.0	0	0	0.0	0	0
1glyc		0.0	0.0	0	0	0.0	0	0
1hibup		0.0	0.0	0	0	0.0	0	0
1hibupglu		0.0	0.0	0	0	0.0	0	0
1hmdgluc		0.0	0.0	0	0	0.0	0	0
1mncam		0.0	0.0	0	0	0.0	0	0
1ohmdz		0.0	0.0	0	0	0.0	0	0
1p3h5c		0.0	0.0	0	0	0.0	0	0
23dpg		0.0	0.0	0	0	0.0	0	0
2425dhvitd2		0.0	0.0	0	0	0.0	0	0
2ddecdicoa		0.0	0.0	0	0	0.0	0	0
2decdicoa		0.0	0.0	0	0	0.0	0	0
2docohexecoa		0.0	0.0	0	0	0.0	0	0
2docopencoa		0.0	0.0	0	0	0.0	0	0
2dodtricoa		0.0	0.0	0	0	0.0	0	0
2dpmhobq		0.0	0.0	0	0	0.0	0	0
2hatvacid		0.0	0.0	0	0	0.0	0	0
2hatvacidgluc		0.0	0.0	0	0	0.0	0	0
2hatvlac		0.0	0.0	0	0	0.0	0	0
2hatvlacgluc		0.0	0.0	0	0	0.0	0	0
2hb		0.0	0.0	0	0	0.0	0	0
2hexdtetcoa		0.0	0.0	0	0	0.0	0	0
2hexdtricoa		0.0	0.0	0	0	0.0	0	0
2hibup		0.0	0.0	0	0	0.0	0	0
2hibupglu		0.0	0.0	0	0	0.0	0	0
2hiv		0.0	0.0	0	0	0.0	0	0
2hydog		0.0	0.0	0	0	0.0	0	0
2m3hbu		0.0	0.0	0	0	0.0	0	0
2m3hvac		0.0	0.0	0	0	0.0	0	0
2m3ovac		0.0	0.0	0	0	0.0	0	0
2m3ovcoa		0.0	0.0	0	0	0.0	0	0
2octdectecoa		0.0	0.0	0	0	0.0	0	0
2octpencoa		0.0	0.0	0	0	0.0	0	0
2oxoadp		0.0	0.0	0	0	0.0	0	0
31dmt		0.0	0.0	0	0	0.0	0	0
34dhpha		0.0	0.0	0	0	0.0	0	0
34hpl		0.0	0.0	0	0	0.0	0	0
35dhpvs		0.0	0.0	0	0	0.0	0	0
35dsmv		0.0	0.0	0	0	0.0	0	0
3bcrn		0.0	0.0	0	0	0.0	0	0
3ddecdicoa		0.0	0.0	0	0	0.0	0	0
3decdicoa		0.0	0.0	0	0	0.0	0	0
3dhcdchol		0.0	0.0	0	0	0.0	0	0
3dhchol		0.0	0.0	0	0	0.0	0	0
3dhdchol		0.0	0.0	0	0	0.0	0	0
3dhguln		0.0	0.0	0	0	0.0	0	0
3dhlchol		0.0	0.0	0	0	0.0	0	0
3docopencoa		0.0	0.0	0	0	0.0	0	0
3dodtricoa		0.0	0.0	0	0	0.0	0	0
3dpdhb		0.0	0.0	0	0	0.0	0	0
3dsphgn		0.0	0.0	0	0	0.0	0	0
3h3mglt		0.0	0.0	0	0	0.0	0	0
3hadicoa		0.0	0.0	0	0	0.0	0	0
3hadpac		0.0	0.0	0	0	0.0	0	0
3hanthrn		0.0	0.0	0	0	0.0	0	0
3hdeccoa		0.0	0.0	0	0	0.0	0	0
3hexdcoa		0.0	0.0	0	0	0.0	0	0
3hexdtetcoa		0.0	0.0	0	0	0.0	0	0
3hexdtricoa		0.0	0.0	0	0	0.0	0	0
3hglutcoa		0.0	0.0	0	0	0.0	0	0
3hibup		0.0	0.0	0	0	0.0	0	0
3hibupglu		0.0	0.0	0	0	0.0	0	0
3hlvst		0.0	0.0	0	0	0.0	0	0
3hlvstacid		0.0	0.0	0	0	0.0	0	0
3hpppn		0.0	0.0	0	0	0.0	0	0
3hpppnoh		0.0	0.0	0	0	0.0	0	0
3hpppnohgluc		0.0	0.0	0	0	0.0	0	0
3hpvs		0.0	0.0	0	0	0.0	0	0
3hpvscoa		0.0	0.0	0	0	0.0	0	0
3hpvstet		0.0	0.0	0	0	0.0	0	0
3hpvstetcoa		0.0	0.0	0	0	0.0	0	0
3hsmv		0.0	0.0	0	0	0.0	0	0
3hsmvacid		0.0	0.0	0	0	0.0	0	0
3ispvs		0.0	0.0	0	0	0.0	0	0
3ityr		0.0	0.0	0	0	0.0	0	0
3ivcrn		0.0	0.0	0	0	0.0	0	0
3mglutac		0.0	0.0	0	0	0.0	0	0
3mlda		0.0	0.0	0	0	0.0	0	0
3mldz		0.0	0.0	0	0	0.0	0	0
3mtp		0.0	0.0	0	0	0.0	0	0
3ocddcoa		0.0	0.0	0	0	0.0	0	0
3octdeccrn		0.0	0.0	0	0	0.0	0	0
3octdece1coa		0.0	0.0	0	0	0.0	0	0
3octdectecoa		0.0	0.0	0	0	0.0	0	0
3octpencoa		0.0	0.0	0	0	0.0	0	0
3ohacmp		0.0	0.0	0	0	0.0	0	0
3ohsebcoa		0.0	0.0	0	0	0.0	0	0
3ohsubac		0.0	0.0	0	0	0.0	0	0
3ohsubcoa		0.0	0.0	0	0	0.0	0	0
3ohxccoa		0.0	0.0	0	0	0.0	0	0
3tdcrn		0.0	0.0	0	0	0.0	0	0
3tetd7ecoa		0.0	0.0	0	0	0.0	0	0
3tetd7ecoacrn		0.0	0.0	0	0	0.0	0	0
3thexddcoa		0.0	0.0	0	0	0.0	0	0
3thexddcoacrn		0.0	0.0	0	0	0.0	0	0
3ttetddcoa		0.0	0.0	0	0	0.0	0	0
3ttetddcoacrn		0.0	0.0	0	0	0.0	0	0
44mctr		0.0	0.0	0	0	0.0	0	0
44mzym		0.0	0.0	0	0	0.0	0	0
4aabutn		0.0	0.0	0	0	0.0	0	0
4bhglz		0.0	0.0	0	0	0.0	0	0
4fumacac		0.0	0.0	0	0	0.0	0	0
4glu56dihdind		0.0	0.0	0	0	0.0	0	0
4h2oglt		0.0	0.0	0	0	0.0	0	0
4hatvacid		0.0	0.0	0	0	0.0	0	0
4hatvlac		0.0	0.0	0	0	0.0	0	0
4hbzcoa		0.0	0.0	0	0	0.0	0	0
4hdebrisoquine		0.0	0.0	0	0	0.0	0	0
4hexdtetcoa		0.0	0.0	0	0	0.0	0	0
4hexdtricoa		0.0	0.0	0	0	0.0	0	0
4hglusa		0.0	0.0	0	0	0.0	0	0
4hmdgluc		0.0	0.0	0	0	0.0	0	0
4hpro		0.0	0.0	0	0	0.0	0	0
4mlacac		0.0	0.0	0	0	0.0	0	0
4mtob		0.0	0.0	0	0	0.0	0	0
4mtolbutamide		0.0	0.0	0	0	0.0	0	0
4mzym		0.0	0.0	0	0	0.0	0	0
4ohbut		0.0	0.0	0	0	0.0	0	0
4ohmdz		0.0	0.0	0	0	0.0	0	0
56dhpvs		0.0	0.0	0	0	0.0	0	0
56eppvs		0.0	0.0	0	0	0.0	0	0
5cysgly34dhphe		0.0	0.0	0	0	0.0	0	0
5dhf		0.0	0.0	0	0	0.0	0	0
5dpmev		0.0	0.0	0	0	0.0	0	0
5eipencoa		0.0	0.0	0	0	0.0	0	0
5homeprazole		0.0	0.0	0	0	0.0	0	0
5ohfvsglu		0.0	0.0	0	0	0.0	0	0
5pmev		0.0	0.0	0	0	0.0	0	0
5tedtricoa		0.0	0.0	0	0	0.0	0	0
5thf		0.0	0.0	0	0	0.0	0	0
6ahglz		0.0	0.0	0	0	0.0	0	0
6bhglz		0.0	0.0	0	0	0.0	0	0
6bhglzglc		0.0	0.0	0	0	0.0	0	0
6csmv		0.0	0.0	0	0	0.0	0	0
6csmvacid		0.0	0.0	0	0	0.0	0	0
6dhf		0.0	0.0	0	0	0.0	0	0
6epvs		0.0	0.0	0	0	0.0	0	0
6hlvst		0.0	0.0	0	0	0.0	0	0
6hlvstacid		0.0	0.0	0	0	0.0	0	0
6hmsmv		0.0	0.0	0	0	0.0	0	0
6hmsmvacid		0.0	0.0	0	0	0.0	0	0
6hoxmelatn		0.0	0.0	0	0	0.0	0	0
6hsmv		0.0	0.0	0	0	0.0	0	0
6hsmvacid		0.0	0.0	0	0	0.0	0	0
6melvacid		0.0	0.0	0	0	0.0	0	0
6melvst		0.0	0.0	0	0	0.0	0	0
6msmv		0.0	0.0	0	0	0.0	0	0
6ohfvs		0.0	0.0	0	0	0.0	0	0
6ohfvsglu		0.0	0.0	0	0	0.0	0	0
7ahglz		0.0	0.0	0	0	0.0	0	0
7bhglz		0.0	0.0	0	0	0.0	0	0
7bhglzglc		0.0	0.0	0	0	0.0	0	0
7dhcdchol		0.0	0.0	0	0	0.0	0	0
7dhchol		0.0	0.0	0	0	0.0	0	0
7dhf		0.0	0.0	0	0	0.0	0	0
7hpvs		0.0	0.0	0	0	0.0	0	0
7thf		0.0	0.0	0	0	0.0	0	0
9_cis		0.0	0.0	0	0	0.0	0	0
Asn_X_Ser		0.0	0.0	0	0	0.0	0	0
C10164		0.0	0.0	0	0	0.0	0	0
CE0693		0.0	0.0	0	0	0.0	0	0
CE0713		0.0	0.0	0	0	0.0	0	0
CE0785		0.0	0.0	0	0	0.0	0	0
CE0849		0.0	0.0	0	0	0.0	0	0
CE1297		0.0	0.0	0	0	0.0	0	0
CE1926		0.0	0.0	0	0	0.0	0	0
CE1940		0.0	0.0	0	0	0.0	0	0
CE1943		0.0	0.0	0	0	0.0	0	0
CE1950		0.0	0.0	0	0	0.0	0	0
CE2026		0.0	0.0	0	0	0.0	0	0
CE2038		0.0	0.0	0	0	0.0	0	0
CE2084		0.0	0.0	0	0	0.0	0	0
CE2088		0.0	0.0	0	0	0.0	0	0
CE2089		0.0	0.0	0	0	0.0	0	0
CE2243		0.0	0.0	0	0	0.0	0	0
CE2245		0.0	0.0	0	0	0.0	0	0
CE2246		0.0	0.0	0	0	0.0	0	0
CE2247		0.0	0.0	0	0	0.0	0	0
CE2417		0.0	0.0	0	0	0.0	0	0
CE2422		0.0	0.0	0	0	0.0	0	0
CE2424		0.0	0.0	0	0	0.0	0	0
CE2432		0.0	0.0	0	0	0.0	0	0
CE2433		0.0	0.0	0	0	0.0	0	0
CE2434		0.0	0.0	0	0	0.0	0	0
CE2437		0.0	0.0	0	0	0.0	0	0
CE2438		0.0	0.0	0	0	0.0	0	0
CE2439		0.0	0.0	0	0	0.0	0	0
CE2440		0.0	0.0	0	0	0.0	0	0
CE2441		0.0	0.0	0	0	0.0	0	0
CE2442		0.0	0.0	0	0	0.0	0	0
CE2567		0.0	0.0	0	0	0.0	0	0
CE2870		0.0	0.0	0	0	0.0	0	0
CE2873		0.0	0.0	0	0	0.0	0	0
CE2934		0.0	0.0	0	0	0.0	0	0
CE4790		0.0	0.0	0	0	0.0	0	0
CE4791		0.0	0.0	0	0	0.0	0	0
CE4792		0.0	0.0	0	0	0.0	0	0
CE4793		0.0	0.0	0	0	0.0	0	0
CE4794		0.0	0.0	0	0	0.0	0	0
CE4795		0.0	0.0	0	0	0.0	0	0
CE4796		0.0	0.0	0	0	0.0	0	0
CE4797		0.0	0.0	0	0	0.0	0	0
CE4798		0.0	0.0	0	0	0.0	0	0
CE4799		0.0	0.0	0	0	0.0	0	0
CE4800		0.0	0.0	0	0	0.0	0	0
CE4801		0.0	0.0	0	0	0.0	0	0
CE4802		0.0	0.0	0	0	0.0	0	0
CE4803		0.0	0.0	0	0	0.0	0	0
CE4804		0.0	0.0	0	0	0.0	0	0
CE4806		0.0	0.0	0	0	0.0	0	0
CE4807		0.0	0.0	0	0	0.0	0	0
CE4808		0.0	0.0	0	0	0.0	0	0
CE4810		0.0	0.0	0	0	0.0	0	0
CE4811		0.0	0.0	0	0	0.0	0	0
CE4812		0.0	0.0	0	0	0.0	0	0
CE4832		0.0	0.0	0	0	0.0	0	0
CE4838		0.0	0.0	0	0	0.0	0	0
CE4872		0.0	0.0	0	0	0.0	0	0
CE4874		0.0	0.0	0	0	0.0	0	0
CE4988		0.0	0.0	0	0	0.0	0	0
CE4989		0.0	0.0	0	0	0.0	0	0
CE5021		0.0	0.0	0	0	0.0	0	0
CE5025		0.0	0.0	0	0	0.0	0	0
CE5049		0.0	0.0	0	0	0.0	0	0
CE5101		0.0	0.0	0	0	0.0	0	0
CE5114		0.0	0.0	0	0	0.0	0	0
CE5116		0.0	0.0	0	0	0.0	0	0
CE5117		0.0	0.0	0	0	0.0	0	0
CE5118		0.0	0.0	0	0	0.0	0	0
CE5119		0.0	0.0	0	0	0.0	0	0
CE5120		0.0	0.0	0	0	0.0	0	0
CE5125		0.0	0.0	0	0	0.0	0	0
CE5144		0.0	0.0	0	0	0.0	0	0
CE5148		0.0	0.0	0	0	0.0	0	0
CE5150		0.0	0.0	0	0	0.0	0	0
CE5151		0.0	0.0	0	0	0.0	0	0
CE5152		0.0	0.0	0	0	0.0	0	0
CE5153		0.0	0.0	0	0	0.0	0	0
CE5154		0.0	0.0	0	0	0.0	0	0
CE5155		0.0	0.0	0	0	0.0	0	0
CE5156		0.0	0.0	0	0	0.0	0	0
CE5157		0.0	0.0	0	0	0.0	0	0
CE5158		0.0	0.0	0	0	0.0	0	0
CE5160		0.0	0.0	0	0	0.0	0	0
CE5161		0.0	0.0	0	0	0.0	0	0
CE5162		0.0	0.0	0	0	0.0	0	0
CE5166		0.0	0.0	0	0	0.0	0	0
CE5253		0.0	0.0	0	0	0.0	0	0
CE5786		0.0	0.0	0	0	0.0	0	0
CE5854		0.0	0.0	0	0	0.0	0	0
CE5868		0.0	0.0	0	0	0.0	0	0
CE5934		0.0	0.0	0	0	0.0	0	0
CE5986		0.0	0.0	0	0	0.0	0	0
CE6252		0.0	0.0	0	0	0.0	0	0
CE6508		0.0	0.0	0	0	0.0	0	0
CE7047		0.0	0.0	0	0	0.0	0	0
CE7085		0.0	0.0	0	0	0.0	0	0
CE7097		0.0	0.0	0	0	0.0	0	0
HC00004		0.0	0.0	0	0	0.0	0	0
HC00005		0.0	0.0	0	0	0.0	0	0
HC00006		0.0	0.0	0	0	0.0	0	0
HC00007		0.0	0.0	0	0	0.0	0	0
HC00008		0.0	0.0	0	0	0.0	0	0
HC00009		0.0	0.0	0	0	0.0	0	0
HC00319		0.0	0.0	0	0	0.0	0	0
HC00342		0.0	0.0	0	0	0.0	0	0
HC00617		0.0	0.0	0	0	0.0	0	0
HC00619		0.0	0.0	0	0	0.0	0	0
HC01397		0.0	0.0	0	0	0.0	0	0
HC01405		0.0	0.0	0	0	0.0	0	0
HC01406		0.0	0.0	0	0	0.0	0	0
HC01407		0.0	0.0	0	0	0.0	0	0
HC01408		0.0	0.0	0	0	0.0	0	0
HC01412		0.0	0.0	0	0	0.0	0	0
HC01415		0.0	0.0	0	0	0.0	0	0
HC01441		0.0	0.0	0	0	0.0	0	0
HC02020		0.0	0.0	0	0	0.0	0	0
HC02021		0.0	0.0	0	0	0.0	0	0
HC02023		0.0	0.0	0	0	0.0	0	0
HC02024		0.0	0.0	0	0	0.0	0	0
HC02025		0.0	0.0	0	0	0.0	0	0
HC02026		0.0	0.0	0	0	0.0	0	0
HC02027		0.0	0.0	0	0	0.0	0	0
HC02042		0.0	0.0	0	0	0.0	0	0
HC02048		0.0	0.0	0	0	0.0	0	0
HC02050		0.0	0.0	0	0	0.0	0	0
HC02051		0.0	0.0	0	0	0.0	0	0
HC02054		0.0	0.0	0	0	0.0	0	0
HC02056		0.0	0.0	0	0	0.0	0	0
HC02070		0.0	0.0	0	0	0.0	0	0
HC02076		0.0	0.0	0	0	0.0	0	0
HC02136		0.0	0.0	0	0	0.0	0	0
HC02160		0.0	0.0	0	0	0.0	0	0
HC02161		0.0	0.0	0	0	0.0	0	0
HC02198		0.0	0.0	0	0	0.0	0	0
HC02199		0.0	0.0	0	0	0.0	0	0
HC02200		0.0	0.0	0	0	0.0	0	0
HC02201		0.0	0.0	0	0	0.0	0	0
HC02208		0.0	0.0	0	0	0.0	0	0
HC02210		0.0	0.0	0	0	0.0	0	0
HC02214		0.0	0.0	0	0	0.0	0	0
HC02216		0.0	0.0	0	0	0.0	0	0
HC02220		0.0	0.0	0	0	0.0	0	0
HC10784		0.0	0.0	0	0	0.0	0	0
HC10856		0.0	0.0	0	0	0.0	0	0
HC10857		0.0	0.0	0	0	0.0	0	0
HC10858		0.0	0.0	0	0	0.0	0	0
HC10859		0.0	0.0	0	0	0.0	0	0
L		0.0	0.0	0	0	0.0	0	0
L2aadp		0.0	0.0	0	0	0.0	0	0
L2aadp6sa		0.0	0.0	0	0	0.0	0	0
Lcystin		0.0	0.0	0	0	0.0	0	0
Lfmkynr		0.0	0.0	0	0	0.0	0	0
Lkynr		0.0	0.0	0	0	0.0	0	0
Lpipecol		0.0	0.0	0	0	0.0	0	0
M00004		0.0	0.0	0	0	0.0	0	0
M00006		0.0	0.0	0	0	0.0	0	0
M00011		0.0	0.0	0	0	0.0	0	0
M00012		0.0	0.0	0	0	0.0	0	0
M00018		0.0	0.0	0	0	0.0	0	0
M00020		0.0	0.0	0	0	0.0	0	0
M00022		0.0	0.0	0	0	0.0	0	0
M00023		0.0	0.0	0	0	0.0	0	0
M00044		0.0	0.0	0	0	0.0	0	0
M00046		0.0	0.0	0	0	0.0	0	0
M00048		0.0	0.0	0	0	0.0	0	0
M00049		0.0	0.0	0	0	0.0	0	0
M00054		0.0	0.0	0	0	0.0	0	0
M00056		0.0	0.0	0	0	0.0	0	0
M00061		0.0	0.0	0	0	0.0	0	0
M00063		0.0	0.0	0	0	0.0	0	0
M00067		0.0	0.0	0	0	0.0	0	0
M00069		0.0	0.0	0	0	0.0	0	0
M00071		0.0	0.0	0	0	0.0	0	0
M00085		0.0	0.0	0	0	0.0	0	0
M00086		0.0	0.0	0	0	0.0	0	0
M00100		0.0	0.0	0	0	0.0	0	0
M00101		0.0	0.0	0	0	0.0	0	0
M00116		0.0	0.0	0	0	0.0	0	0
M00122		0.0	0.0	0	0	0.0	0	0
M00123		0.0	0.0	0	0	0.0	0	0
M00170		0.0	0.0	0	0	0.0	0	0
M00172		0.0	0.0	0	0	0.0	0	0
M00213		0.0	0.0	0	0	0.0	0	0
M00234		0.0	0.0	0	0	0.0	0	0
M00241		0.0	0.0	0	0	0.0	0	0
M00261		0.0	0.0	0	0	0.0	0	0
M00265		0.0	0.0	0	0	0.0	0	0
M00342		0.0	0.0	0	0	0.0	0	0
M00343		0.0	0.0	0	0	0.0	0	0
M00503		0.0	0.0	0	0	0.0	0	0
M00510		0.0	0.0	0	0	0.0	0	0
M00615		0.0	0.0	0	0	0.0	0	0
M00699		0.0	0.0	0	0	0.0	0	0
M00702		0.0	0.0	0	0	0.0	0	0
M00704		0.0	0.0	0	0	0.0	0	0
M00707		0.0	0.0	0	0	0.0	0	0
M00712		0.0	0.0	0	0	0.0	0	0
M00715		0.0	0.0	0	0	0.0	0	0
M00742		0.0	0.0	0	0	0.0	0	0
M00743		0.0	0.0	0	0	0.0	0	0
M00778		0.0	0.0	0	0	0.0	0	0
M00780		0.0	0.0	0	0	0.0	0	0
M00782		0.0	0.0	0	0	0.0	0	0
M00783		0.0	0.0	0	0	0.0	0	0
M00790		0.0	0.0	0	0	0.0	0	0
M00792		0.0	0.0	0	0	0.0	0	0
M00795		0.0	0.0	0	0	0.0	0	0
M00797		0.0	0.0	0	0	0.0	0	0
M00802		0.0	0.0	0	0	0.0	0	0
M00804		0.0	0.0	0	0	0.0	0	0
M00806		0.0	0.0	0	0	0.0	0	0
M00839		0.0	0.0	0	0	0.0	0	0
M00841		0.0	0.0	0	0	0.0	0	0
M00843		0.0	0.0	0	0	0.0	0	0
M00849		0.0	0.0	0	0	0.0	0	0
M00852		0.0	0.0	0	0	0.0	0	0
M00860		0.0	0.0	0	0	0.0	0	0
M00862		0.0	0.0	0	0	0.0	0	0
M00869		0.0	0.0	0	0	0.0	0	0
M00871		0.0	0.0	0	0	0.0	0	0
M00873		0.0	0.0	0	0	0.0	0	0
M00875		0.0	0.0	0	0	0.0	0	0
M00877		0.0	0.0	0	0	0.0	0	0
M00879		0.0	0.0	0	0	0.0	0	0
M00885		0.0	0.0	0	0	0.0	0	0
M00887		0.0	0.0	0	0	0.0	0	0
M00889		0.0	0.0	0	0	0.0	0	0
M00897		0.0	0.0	0	0	0.0	0	0
M00899		0.0	0.0	0	0	0.0	0	0
M00907		0.0	0.0	0	0	0.0	0	0
M00909		0.0	0.0	0	0	0.0	0	0
M00911		0.0	0.0	0	0	0.0	0	0
M00954		0.0	0.0	0	0	0.0	0	0
M00955		0.0	0.0	0	0	0.0	0	0
M00956		0.0	0.0	0	0	0.0	0	0
M00957		0.0	0.0	0	0	0.0	0	0
M00958		0.0	0.0	0	0	0.0	0	0
M00959		0.0	0.0	0	0	0.0	0	0
M00961		0.0	0.0	0	0	0.0	0	0
M00962		0.0	0.0	0	0	0.0	0	0
M00963		0.0	0.0	0	0	0.0	0	0
M00966		0.0	0.0	0	0	0.0	0	0
M00967		0.0	0.0	0	0	0.0	0	0
M00976		0.0	0.0	0	0	0.0	0	0
M01082		0.0	0.0	0	0	0.0	0	0
M01111		0.0	0.0	0	0	0.0	0	0
M01141		0.0	0.0	0	0	0.0	0	0
M01191		0.0	0.0	0	0	0.0	0	0
M01236		0.0	0.0	0	0	0.0	0	0
M01237		0.0	0.0	0	0	0.0	0	0
M01455		0.0	0.0	0	0	0.0	0	0
M01460		0.0	0.0	0	0	0.0	0	0
M01463		0.0	0.0	0	0	0.0	0	0
M01465		0.0	0.0	0	0	0.0	0	0
M01467		0.0	0.0	0	0	0.0	0	0
M01469		0.0	0.0	0	0	0.0	0	0
M01470		0.0	0.0	0	0	0.0	0	0
M01472		0.0	0.0	0	0	0.0	0	0
M01473		0.0	0.0	0	0	0.0	0	0
M01474		0.0	0.0	0	0	0.0	0	0
M01477		0.0	0.0	0	0	0.0	0	0
M01479		0.0	0.0	0	0	0.0	0	0
M01480		0.0	0.0	0	0	0.0	0	0
M01482		0.0	0.0	0	0	0.0	0	0
M01483		0.0	0.0	0	0	0.0	0	0
M01484		0.0	0.0	0	0	0.0	0	0
M01485		0.0	0.0	0	0	0.0	0	0
M01486		0.0	0.0	0	0	0.0	0	0
M01489		0.0	0.0	0	0	0.0	0	0
M01494		0.0	0.0	0	0	0.0	0	0
M01496		0.0	0.0	0	0	0.0	0	0
M01497		0.0	0.0	0	0	0.0	0	0
M01508		0.0	0.0	0	0	0.0	0	0
M01509		0.0	0.0	0	0	0.0	0	0
M01510		0.0	0.0	0	0	0.0	0	0
M01573		0.0	0.0	0	0	0.0	0	0
M01726		0.0	0.0	0	0	0.0	0	0
M01727		0.0	0.0	0	0	0.0	0	0
M01770		0.0	0.0	0	0	0.0	0	0
M01775		0.0	0.0	0	0	0.0	0	0
M01776		0.0	0.0	0	0	0.0	0	0
M01777		0.0	0.0	0	0	0.0	0	0
M01807		0.0	0.0	0	0	0.0	0	0
M01820		0.0	0.0	0	0	0.0	0	0
M01869		0.0	0.0	0	0	0.0	0	0
M01870		0.0	0.0	0	0	0.0	0	0
M01871		0.0	0.0	0	0	0.0	0	0
M01872		0.0	0.0	0	0	0.0	0	0
M01881		0.0	0.0	0	0	0.0	0	0
M02012		0.0	0.0	0	0	0.0	0	0
M02013		0.0	0.0	0	0	0.0	0	0
M02051		0.0	0.0	0	0	0.0	0	0
M02102		0.0	0.0	0	0	0.0	0	0
M02103		0.0	0.0	0	0	0.0	0	0
M02107		0.0	0.0	0	0	0.0	0	0
M02112		0.0	0.0	0	0	0.0	0	0
M02186		0.0	0.0	0	0	0.0	0	0
M02195		0.0	0.0	0	0	0.0	0	0
M02197		0.0	0.0	0	0	0.0	0	0
M02491		0.0	0.0	0	0	0.0	0	0
M02560		0.0	0.0	0	0	0.0	0	0
M02561		0.0	0.0	0	0	0.0	0	0
M02616		0.0	0.0	0	0	0.0	0	0
M02638		0.0	0.0	0	0	0.0	0	0
M02683		0.0	0.0	0	0	0.0	0	0
M02686		0.0	0.0	0	0	0.0	0	0
M02909		0.0	0.0	0	0	0.0	0	0
M02976		0.0	0.0	0	0	0.0	0	0
M03008		0.0	0.0	0	0	0.0	0	0
M03011		0.0	0.0	0	0	0.0	0	0
M03017		0.0	0.0	0	0	0.0	0	0
M03019		0.0	0.0	0	0	0.0	0	0
M03022		0.0	0.0	0	0	0.0	0	0
Ndmelys		0.0	0.0	0	0	0.0	0	0
Ntmelys		0.0	0.0	0	0	0.0	0	0
R2coa		0.0	0.0	0	0	0.0	0	0
Rtotal		0.0	0.0	0	0	0.0	0	0
Rtotal2		0.0	0.0	0	0	0.0	0	0
Rtotal2coa		0.0	0.0	0	0	0.0	0	0
Rtotal3		0.0	0.0	0	0	0.0	0	0
Rtotal3coa		0.0	0.0	0	0	0.0	0	0
Rtotal3crn		0.0	0.0	0	0	0.0	0	0
Rtotalcoa		0.0	0.0	0	0	0.0	0	0
Ser_Gly_Ala_X		0.0	0.0	0	0	0.0	0	0
Ssq23epx		0.0	0.0	0	0	0.0	0	0
T		0.0	0.0	0	0	0.0	0	0
T4hcinnm		0.0	0.0	0	0	0.0	0	0
Tn		0.0	0.0	0	0	0.0	0	0
abt		0.0	0.0	0	0	0.0	0	0
acgagbside		0.0	0.0	0	0	0.0	0	0
acgalfuc12gal14acglcgalgluside		0.0	0.0	0	0	0.0	0	0
acgalfucgalacgalfuc12gal14acglcgalgluside		0.0	0.0	0	0	0.0	0	0
acgalfucgalacgalfucgalacglcgal14acglcgalgluside		0.0	0.0	0	0	0.0	0	0
acgalfucgalacglcgal14acglcgalgluside		0.0	0.0	0	0	0.0	0	0
acgalfucgalacglcgalgluside		0.0	0.0	0	0	0.0	0	0
acgbgbside		0.0	0.0	0	0	0.0	0	0
acglc13galacglcgal14acglcgalgluside		0.0	0.0	0	0	0.0	0	0
acglcgal14acglcgalgluside		0.0	0.0	0	0	0.0	0	0
acglcgalacglcgal14acglcgalgluside		0.0	0.0	0	0	0.0	0	0
acglcgalgbside		0.0	0.0	0	0	0.0	0	0
acglcgalgluside		0.0	0.0	0	0	0.0	0	0
acgpail		0.0	0.0	0	0	0.0	0	0
achom		0.0	0.0	0	0	0.0	0	0
acile		0.0	0.0	0	0	0.0	0	0
acleu		0.0	0.0	0	0	0.0	0	0
acmpglut		0.0	0.0	0	0	0.0	0	0
acn13acngalgbside		0.0	0.0	0	0	0.0	0	0
acn23acngalgbside		0.0	0.0	0	0	0.0	0	0
acnacngal14acglcgalgluside		0.0	0.0	0	0	0.0	0	0
acnacngalgbside		0.0	0.0	0	0	0.0	0	0
acngal14acglcgalgluside		0.0	0.0	0	0	0.0	0	0
acngalacglcgal14acglcgalgluside		0.0	0.0	0	0	0.0	0	0
acngalacglcgalgluside		0.0	0.0	0	0	0.0	0	0
acngalgbside		0.0	0.0	0	0	0.0	0	0
acrn		0.0	0.0	0	0	0.0	0	0
acthr		0.0	0.0	0	0	0.0	0	0
adpac		0.0	0.0	0	0	0.0	0	0
adpcoa		0.0	0.0	0	0	0.0	0	0
adpman		0.0	0.0	0	0	0.0	0	0
adprib		0.0	0.0	0	0	0.0	0	0
aflatoxin		0.0	0.0	0	0	0.0	0	0
ak2lgchol		0.0	0.0	0	0	0.0	0	0
ala		0.0	0.0	0	0	0.0	0	0
alalysthr		0.0	0.0	0	0	0.0	0	0
aldstrn		0.0	0.0	0	0	0.0	0	0
alpa		0.0	0.0	0	0	0.0	0	0
alpam		0.0	0.0	0	0	0.0	0	0
alpro		0.0	0.0	0	0	0.0	0	0
am19cs		0.0	0.0	0	0	0.0	0	0
am1a4ncs		0.0	0.0	0	0	0.0	0	0
am1accs		0.0	0.0	0	0	0.0	0	0
am1acs		0.0	0.0	0	0	0.0	0	0
am1alcs		0.0	0.0	0	0	0.0	0	0
am1c4n9cs		0.0	0.0	0	0	0.0	0	0
am1c9cs		0.0	0.0	0	0	0.0	0	0
am1ccs		0.0	0.0	0	0	0.0	0	0
am1cglc		0.0	0.0	0	0	0.0	0	0
am1csa		0.0	0.0	0	0	0.0	0	0
am4n9cs		0.0	0.0	0	0	0.0	0	0
am4ncs		0.0	0.0	0	0	0.0	0	0
am9csa		0.0	0.0	0	0	0.0	0	0
andrstrn		0.0	0.0	0	0	0.0	0	0
apoC		0.0	0.0	0	0	0.0	0	0
apoC_Lys		0.0	0.0	0	0	0.0	0	0
aprut		0.0	0.0	0	0	0.0	0	0
arab		0.0	0.0	0	0	0.0	0	0
arachdcrn		0.0	0.0	0	0	0.0	0	0
argalaphe		0.0	0.0	0	0	0.0	0	0
argargmet		0.0	0.0	0	0	0.0	0	0
argcysgly		0.0	0.0	0	0	0.0	0	0
argcysser		0.0	0.0	0	0	0.0	0	0
arggluglu		0.0	0.0	0	0	0.0	0	0
arglysasp		0.0	0.0	0	0	0.0	0	0
argphearg		0.0	0.0	0	0	0.0	0	0
argtyrval		0.0	0.0	0	0	0.0	0	0
ascb		0.0	0.0	0	0	0.0	0	0
asnpheasp		0.0	0.0	0	0	0.0	0	0
aspasnglu		0.0	0.0	0	0	0.0	0	0
asplysglu		0.0	0.0	0	0	0.0	0	0
aspmetasp		0.0	0.0	0	0	0.0	0	0
atvacylgluc		0.0	0.0	0	0	0.0	0	0
atvethgluc		0.0	0.0	0	0	0.0	0	0
atvlacgluc		0.0	0.0	0	0	0.0	0	0
band		0.0	0.0	0	0	0.0	0	0
bandmt		0.0	0.0	0	0	0.0	0	0
bilirub		0.0	0.0	0	0	0.0	0	0
biliverd		0.0	0.0	0	0	0.0	0	0
biocyt		0.0	0.0	0	0	0.0	0	0
btamp		0.0	0.0	0	0	0.0	0	0
but		0.0	0.0	0	0	0.0	0	0
c101coa		0.0	0.0	0	0	0.0	0	0
c101crn		0.0	0.0	0	0	0.0	0	0
c10crn		0.0	0.0	0	0	0.0	0	0
c10dc		0.0	0.0	0	0	0.0	0	0
c12dc		0.0	0.0	0	0	0.0	0	0
c12dccoa		0.0	0.0	0	0	0.0	0	0
c14dccoa		0.0	0.0	0	0	0.0	0	0
c3dc		0.0	0.0	0	0	0.0	0	0
c4crn		0.0	0.0	0	0	0.0	0	0
c4dc		0.0	0.0	0	0	0.0	0	0
c51crn		0.0	0.0	0	0	0.0	0	0
c5dc		0.0	0.0	0	0	0.0	0	0
c6dc		0.0	0.0	0	0	0.0	0	0
c81coa		0.0	0.0	0	0	0.0	0	0
c81crn		0.0	0.0	0	0	0.0	0	0
c8crn		0.0	0.0	0	0	0.0	0	0
c8dc		0.0	0.0	0	0	0.0	0	0
ca24g		0.0	0.0	0	0	0.0	0	0
caribup		0.0	0.0	0	0	0.0	0	0
caribupglu		0.0	0.0	0	0	0.0	0	0
cbl2		0.0	0.0	0	0	0.0	0	0
cdca24g		0.0	0.0	0	0	0.0	0	0
cdca3g		0.0	0.0	0	0	0.0	0	0
cdpchol		0.0	0.0	0	0	0.0	0	0
cdpdag		0.0	0.0	0	0	0.0	0	0
cdpea		0.0	0.0	0	0	0.0	0	0
cgly		0.0	0.0	0	0	0.0	0	0
chol		0.0	0.0	0	0	0.0	0	0
cholp		0.0	0.0	0	0	0.0	0	0
chsterol		0.0	0.0	0	0	0.0	0	0
chtn		0.0	0.0	0	0	0.0	0	0
citmcoa		0.0	0.0	0	0	0.0	0	0
clpn		0.0	0.0	0	0	0.0	0	0
cmusa		0.0	0.0	0	0	0.0	0	0
core2		0.0	0.0	0	0	0.0	0	0
core3		0.0	0.0	0	0	0.0	0	0
core4		0.0	0.0	0	0	0.0	0	0
core5		0.0	0.0	0	0	0.0	0	0
core6		0.0	0.0	0	0	0.0	0	0
core7		0.0	0.0	0	0	0.0	0	0
core8		0.0	0.0	0	0	0.0	0	0
cortsn		0.0	0.0	0	0	0.0	0	0
coucoa		0.0	0.0	0	0	0.0	0	0
creat		0.0	0.0	0	0	0.0	0	0
crm		0.0	0.0	0	0	0.0	0	0
crmp		0.0	0.0	0	0	0.0	0	0
crtsl		0.0	0.0	0	0	0.0	0	0
crvnc		0.0	0.0	0	0	0.0	0	0
crvsm1		0.0	0.0	0	0	0.0	0	0
crvsm22		0.0	0.0	0	0	0.0	0	0
crvsm23		0.0	0.0	0	0	0.0	0	0
crvsm24		0.0	0.0	0	0	0.0	0	0
crvsm31		0.0	0.0	0	0	0.0	0	0
cs_a		0.0	0.0	0	0	0.0	0	0
cs_a_b		0.0	0.0	0	0	0.0	0	0
cs_a_b_e		0.0	0.0	0	0	0.0	0	0
cs_b		0.0	0.0	0	0	0.0	0	0
cs_c		0.0	0.0	0	0	0.0	0	0
cs_c_d_e		0.0	0.0	0	0	0.0	0	0
cs_d		0.0	0.0	0	0	0.0	0	0
cs_e		0.0	0.0	0	0	0.0	0	0
cs_hs		0.0	0.0	0	0	0.0	0	0
csasulp		0.0	0.0	0	0	0.0	0	0
cspg		0.0	0.0	0	0	0.0	0	0
ctdecdcoa		0.0	0.0	0	0	0.0	0	0
cvm1gluc		0.0	0.0	0	0	0.0	0	0
cvm23gluc		0.0	0.0	0	0	0.0	0	0
cysacmp		0.0	0.0	0	0	0.0	0	0
cysam		0.0	0.0	0	0	0.0	0	0
cysasnmet		0.0	0.0	0	0	0.0	0	0
cysaspphe		0.0	0.0	0	0	0.0	0	0
cyscys		0.0	0.0	0	0	0.0	0	0
cysglnmet		0.0	0.0	0	0	0.0	0	0
cysgluhis		0.0	0.0	0	0	0.0	0	0
cysglutrp		0.0	0.0	0	0	0.0	0	0
cysleuthr		0.0	0.0	0	0	0.0	0	0
cyssermet		0.0	0.0	0	0	0.0	0	0
cyst		0.0	0.0	0	0	0.0	0	0
cystyrasn		0.0	0.0	0	0	0.0	0	0
dad		0.0	0.0	0	0	0.0	0	0
dag		0.0	0.0	0	0	0.0	0	0
dca24g		0.0	0.0	0	0	0.0	0	0
dca3g		0.0	0.0	0	0	0.0	0	0
dcsptn1		0.0	0.0	0	0	0.0	0	0
dd3coa		0.0	0.0	0	0	0.0	0	0
dd5ecoa		0.0	0.0	0	0	0.0	0	0
ddca		0.0	0.0	0	0	0.0	0	0
ddeccrn		0.0	0.0	0	0	0.0	0	0
ddece1crn		0.0	0.0	0	0	0.0	0	0
dec24dicoa		0.0	0.0	0	0	0.0	0	0
dec47dicoa		0.0	0.0	0	0	0.0	0	0
decdicoa		0.0	0.0	0	0	0.0	0	0
dece3coa		0.0	0.0	0	0	0.0	0	0
dece4coa		0.0	0.0	0	0	0.0	0	0
dectricoa		0.0	0.0	0	0	0.0	0	0
dedol		0.0	0.0	0	0	0.0	0	0
dedolp		0.0	0.0	0	0	0.0	0	0
dem2emgacpail_prot		0.0	0.0	0	0	0.0	0	0
deoxfvs		0.0	0.0	0	0	0.0	0	0
desfvs		0.0	0.0	0	0	0.0	0	0
dgpi_prot		0.0	0.0	0	0	0.0	0	0
dhcrm		0.0	0.0	0	0	0.0	0	0
dhglz		0.0	0.0	0	0	0.0	0	0
dhlam		0.0	0.0	0	0	0.0	0	0
dhlpro		0.0	0.0	0	0	0.0	0	0
dhor		0.0	0.0	0	0	0.0	0	0
didecaeth		0.0	0.0	0	0	0.0	0	0
digalsgalside		0.0	0.0	0	0	0.0	0	0
digalside		0.0	0.0	0	0	0.0	0	0
dlnlcg		0.0	0.0	0	0	0.0	0	0
dlnlcgcoa		0.0	0.0	0	0	0.0	0	0
dlnlcgcrn		0.0	0.0	0	0	0.0	0	0
dmantipyrine		0.0	0.0	0	0	0.0	0	0
dmnoncoa		0.0	0.0	0	0	0.0	0	0
doco13ac		0.0	0.0	0	0	0.0	0	0
doco13ecoa		0.0	0.0	0	0	0.0	0	0
docohepcoa		0.0	0.0	0	0	0.0	0	0
docohexcoa		0.0	0.0	0	0	0.0	0	0
docosac		0.0	0.0	0	0	0.0	0	0
docosahexcoa		0.0	0.0	0	0	0.0	0	0
docteteth		0.0	0.0	0	0	0.0	0	0
dolichol		0.0	0.0	0	0	0.0	0	0
dolmanp		0.0	0.0	0	0	0.0	0	0
dolp		0.0	0.0	0	0	0.0	0	0
dopa3glcur		0.0	0.0	0	0	0.0	0	0
dsT		0.0	0.0	0	0	0.0	0	0
dsmsterol		0.0	0.0	0	0	0.0	0	0
dspvs		0.0	0.0	0	0	0.0	0	0
dxtrn		0.0	0.0	0	0	0.0	0	0
e4hglu		0.0	0.0	0	0	0.0	0	0
eaflatoxin		0.0	0.0	0	0	0.0	0	0
ebastineoh		0.0	0.0	0	0	0.0	0	0
ei11ecoa		0.0	0.0	0	0	0.0	0	0
eic21114tr		0.0	0.0	0	0	0.0	0	0
eicostetcrn		0.0	0.0	0	0	0.0	0	0
eipencoa		0.0	0.0	0	0	0.0	0	0
eitetcoa		0.0	0.0	0	0	0.0	0	0
em2emgacpail		0.0	0.0	0	0	0.0	0	0
em2emgacpail_prot		0.0	0.0	0	0	0.0	0	0
em3gacpail		0.0	0.0	0	0	0.0	0	0
emem2gacpail		0.0	0.0	0	0	0.0	0	0
emgacpail		0.0	0.0	0	0	0.0	0	0
epoxtac		0.0	0.0	0	0	0.0	0	0
estroneglc		0.0	0.0	0	0	0.0	0	0
etfox		0.0	0.0	0	0	0.0	0	0
etfrd		0.0	0.0	0	0	0.0	0	0
f26bp		0.0	0.0	0	0	0.0	0	0
fe2		0.0	0.0	0	0	0.0	0	0
ficytC		0.0	0.0	0	0	0.0	0	0
focytC		0.0	0.0	0	0	0.0	0	0
fuc12gal14acglcgalgluside		0.0	0.0	0	0	0.0	0	0
fuc132galacglcgal14acglcgalgluside		0.0	0.0	0	0	0.0	0	0
fuc13galacglcgal14acglcgalgluside		0.0	0.0	0	0	0.0	0	0
fuc14galacglcgalgluside		0.0	0.0	0	0	0.0	0	0
fuc1p		0.0	0.0	0	0	0.0	0	0
fucacgalfucgalacglcgalgluside		0.0	0.0	0	0	0.0	0	0
fucacngal14acglcgalgluside		0.0	0.0	0	0	0.0	0	0
fucacngalacglcgalgluside		0.0	0.0	0	0	0.0	0	0
fucfuc12gal14acglcgalgluside		0.0	0.0	0	0	0.0	0	0
fucfuc132galacglcgal14acglcgalgluside		0.0	0.0	0	0	0.0	0	0
fucfucfucgalacglc13galacglcgal14acglcgalgluside		0.0	0.0	0	0	0.0	0	0
fucfucfucgalacglcgal14acglcgalgluside		0.0	0.0	0	0	0.0	0	0
fucfucgalacglc13galacglcgal14acglcgalgluside		0.0	0.0	0	0	0.0	0	0
fucfucgalacglcgal14acglcgalgluside		0.0	0.0	0	0	0.0	0	0
fucfucgalacglcgalacglcgal14acglcgalgluside		0.0	0.0	0	0	0.0	0	0
fucfucgalacglcgalgluside		0.0	0.0	0	0	0.0	0	0
fucgal14acglcgalgluside		0.0	0.0	0	0	0.0	0	0
fucgalacgalfuc12gal14acglcgalgluside		0.0	0.0	0	0	0.0	0	0
fucgalacgalfucgalacglcgal14acglcgalgluside		0.0	0.0	0	0	0.0	0	0
fucgalacglc13galacglcgal14acglcgalgluside		0.0	0.0	0	0	0.0	0	0
fucgalacglcgal14acglcgalgluside		0.0	0.0	0	0	0.0	0	0
fucgalacglcgalgluside		0.0	0.0	0	0	0.0	0	0
fucgalfucgalacglcgalgluside		0.0	0.0	0	0	0.0	0	0
fucgalgbside		0.0	0.0	0	0	0.0	0	0
fvscoa		0.0	0.0	0	0	0.0	0	0
fvsgluc		0.0	0.0	0	0	0.0	0	0
fvstet		0.0	0.0	0	0	0.0	0	0
fvstetglu		0.0	0.0	0	0	0.0	0	0
ga2		0.0	0.0	0	0	0.0	0	0
gacpail		0.0	0.0	0	0	0.0	0	0
gal14acglcgalgluside		0.0	0.0	0	0	0.0	0	0
galacgalfuc12gal14acglcgalgluside		0.0	0.0	0	0	0.0	0	0
galacgalfucgalacglcgal14acglcgalgluside		0.0	0.0	0	0	0.0	0	0
galacglc13galacglcgal14acglcgalgluside		0.0	0.0	0	0	0.0	0	0
galacglcgal14acglcgalgluside		0.0	0.0	0	0	0.0	0	0
galacglcgalacglcgal14acglcgalgluside		0.0	0.0	0	0	0.0	0	0
galacglcgalgbside		0.0	0.0	0	0	0.0	0	0
galacglcgalgluside		0.0	0.0	0	0	0.0	0	0
galam		0.0	0.0	0	0	0.0	0	0
galfuc12gal14acglcgalgluside		0.0	0.0	0	0	0.0	0	0
galfucgalacglcgal14acglcgalgluside		0.0	0.0	0	0	0.0	0	0
galfucgalacglcgalgluside		0.0	0.0	0	0	0.0	0	0
galgalfucfucgalacglcgalacglcgal14acglcgalgluside		0.0	0.0	0	0	0.0	0	0
galgalgalthcrm		0.0	0.0	0	0	0.0	0	0
galgalthcrm		0.0	0.0	0	0	0.0	0	0
galgbside		0.0	0.0	0	0	0.0	0	0
galgluside		0.0	0.0	0	0	0.0	0	0
galside		0.0	0.0	0	0	0.0	0	0
galthcrm		0.0	0.0	0	0	0.0	0	0
gbside		0.0	0.0	0	0	0.0	0	0
gd1a		0.0	0.0	0	0	0.0	0	0
gd1b		0.0	0.0	0	0	0.0	0	0
gd1b2		0.0	0.0	0	0	0.0	0	0
gd1c		0.0	0.0	0	0	0.0	0	0
gd2		0.0	0.0	0	0	0.0	0	0
gda1		0.0	0.0	0	0	0.0	0	0
ggn		0.0	0.0	0	0	0.0	0	0
glc3meacp		0.0	0.0	0	0	0.0	0	0
glgchlo		0.0	0.0	0	0	0.0	0	0
glnproglu		0.0	0.0	0	0	0.0	0	0
glntrpglu		0.0	0.0	0	0	0.0	0	0
gltcho		0.0	0.0	0	0	0.0	0	0
gltdechol		0.0	0.0	0	0	0.0	0	0
gluala		0.0	0.0	0	0	0.0	0	0
glumethis		0.0	0.0	0	0	0.0	0	0
glutcoa		0.0	0.0	0	0	0.0	0	0
glyclt		0.0	0.0	0	0	0.0	0	0
glygly		0.0	0.0	0	0	0.0	0	0
glygn1		0.0	0.0	0	0	0.0	0	0
glygn2		0.0	0.0	0	0	0.0	0	0
glygn3		0.0	0.0	0	0	0.0	0	0
glygn4		0.0	0.0	0	0	0.0	0	0
glygn5		0.0	0.0	0	0	0.0	0	0
gm1		0.0	0.0	0	0	0.0	0	0
gm1a		0.0	0.0	0	0	0.0	0	0
gm1b		0.0	0.0	0	0	0.0	0	0
gm2		0.0	0.0	0	0	0.0	0	0
gm2a		0.0	0.0	0	0	0.0	0	0
gm3		0.0	0.0	0	0	0.0	0	0
gncore1		0.0	0.0	0	0	0.0	0	0
gncore2		0.0	0.0	0	0	0.0	0	0
gp1c		0.0	0.0	0	0	0.0	0	0
gp1calpha		0.0	0.0	0	0	0.0	0	0
gpail		0.0	0.0	0	0	0.0	0	0
gpi_prot		0.0	0.0	0	0	0.0	0	0
gq1balpha		0.0	0.0	0	0	0.0	0	0
gt1alpha		0.0	0.0	0	0	0.0	0	0
gt1c		0.0	0.0	0	0	0.0	0	0
gt3		0.0	0.0	0	0	0.0	0	0
gtacmp		0.0	0.0	0	0	0.0	0	0
gthox		0.0	0.0	0	0	0.0	0	0
gum		0.0	0.0	0	0	0.0	0	0
gumdchac		0.0	0.0	0	0	0.0	0	0
gumgchol		0.0	0.0	0	0	0.0	0	0
gumtchol		0.0	0.0	0	0	0.0	0	0
hLkynr		0.0	0.0	0	0	0.0	0	0
hca24g		0.0	0.0	0	0	0.0	0	0
hca6g		0.0	0.0	0	0	0.0	0	0
hcoumarin		0.0	0.0	0	0	0.0	0	0
hdca24g		0.0	0.0	0	0	0.0	0	0
hdca6g		0.0	0.0	0	0	0.0	0	0
hdcoa		0.0	0.0	0	0	0.0	0	0
hepcoa		0.0	0.0	0	0	0.0	0	0
hepdeceth		0.0	0.0	0	0	0.0	0	0
hexc		0.0	0.0	0	0	0.0	0	0
hexccoa		0.0	0.0	0	0	0.0	0	0
hexddcoa		0.0	0.0	0	0	0.0	0	0
hexde7coa		0.0	0.0	0	0	0.0	0	0
hexdeceeth		0.0	0.0	0	0	0.0	0	0
hexdectecoa		0.0	0.0	0	0	0.0	0	0
hexdiac		0.0	0.0	0	0	0.0	0	0
hexdpencoa		0.0	0.0	0	0	0.0	0	0
hexdtrcoa		0.0	0.0	0	0	0.0	0	0
hexe3coa		0.0	0.0	0	0	0.0	0	0
hexgly		0.0	0.0	0	0	0.0	0	0
hgentis		0.0	0.0	0	0	0.0	0	0
hiscyscys		0.0	0.0	0	0	0.0	0	0
hisglu		0.0	0.0	0	0	0.0	0	0
hislysglu		0.0	0.0	0	0	0.0	0	0
hista		0.0	0.0	0	0	0.0	0	0
hmgcoa		0.0	0.0	0	0	0.0	0	0
hpdca		0.0	0.0	0	0	0.0	0	0
hpdece		0.0	0.0	0	0	0.0	0	0
hpdececoa		0.0	0.0	0	0	0.0	0	0
hretn		0.0	0.0	0	0	0.0	0	0
hspg		0.0	0.0	0	0	0.0	0	0
htaxol		0.0	0.0	0	0	0.0	0	0
hxcoa		0.0	0.0	0	0	0.0	0	0
hxdcal		0.0	0.0	0	0	0.0	0	0
hyochol		0.0	0.0	0	0	0.0	0	0
hyptaur		0.0	0.0	0	0	0.0	0	0
ibup		0.0	0.0	0	0	0.0	0	0
ibupcoa		0.0	0.0	0	0	0.0	0	0
icdchol		0.0	0.0	0	0	0.0	0	0
id3acald		0.0	0.0	0	0	0.0	0	0
ileasp		0.0	0.0	0	0	0.0	0	0
ileglnglu		0.0	0.0	0	0	0.0	0	0
ileglyarg		0.0	0.0	0	0	0.0	0	0
ileprolys		0.0	0.0	0	0	0.0	0	0
ileserarg		0.0	0.0	0	0	0.0	0	0
iletrptyr		0.0	0.0	0	0	0.0	0	0
ind3ac		0.0	0.0	0	0	0.0	0	0
isolvstacid		0.0	0.0	0	0	0.0	0	0
isomal		0.0	0.0	0	0	0.0	0	0
itaccoa		0.0	0.0	0	0	0.0	0	0
itacon		0.0	0.0	0	0	0.0	0	0
ivcrn		0.0	0.0	0	0	0.0	0	0
kdnp		0.0	0.0	0	0	0.0	0	0
ksii		0.0	0.0	0	0	0.0	0	0
ksii_core2		0.0	0.0	0	0	0.0	0	0
ksii_core4		0.0	0.0	0	0	0.0	0	0
l2n2m2mn		0.0	0.0	0	0	0.0	0	0
l2xser		0.0	0.0	0	0	0.0	0	0
lac		0.0	0.0	0	0	0.0	0	0
lald		0.0	0.0	0	0	0.0	0	0
lanost		0.0	0.0	0	0	0.0	0	0
lca24g		0.0	0.0	0	0	0.0	0	0
lca3g		0.0	0.0	0	0	0.0	0	0
lcts		0.0	0.0	0	0	0.0	0	0
ldl		0.0	0.0	0	0	0.0	0	0
leuasnasp		0.0	0.0	0	0	0.0	0	0
leuktrA4		0.0	0.0	0	0	0.0	0	0
leuktrB4wcooh		0.0	0.0	0	0	0.0	0	0
leuktrB4woh		0.0	0.0	0	0	0.0	0	0
leuktrC4		0.0	0.0	0	0	0.0	0	0
leuktrD4		0.0	0.0	0	0	0.0	0	0
leuktrE4		0.0	0.0	0	0	0.0	0	0
leuktrF4		0.0	0.0	0	0	0.0	0	0
limnen		0.0	0.0	0	0	0.0	0	0
lneldc		0.0	0.0	0	0	0.0	0	0
lnlc		0.0	0.0	0	0	0.0	0	0
lnlnca		0.0	0.0	0	0	0.0	0	0
lnlncacrn		0.0	0.0	0	0	0.0	0	0
lnlncgcrn		0.0	0.0	0	0	0.0	0	0
lpam		0.0	0.0	0	0	0.0	0	0
lpchol		0.0	0.0	0	0	0.0	0	0
lpro		0.0	0.0	0	0	0.0	0	0
lst4exp		0.0	0.0	0	0	0.0	0	0
lstnm1		0.0	0.0	0	0	0.0	0	0
lstnm2		0.0	0.0	0	0	0.0	0	0
lstnm4		0.0	0.0	0	0	0.0	0	0
lstnm5		0.0	0.0	0	0	0.0	0	0
lstnm7		0.0	0.0	0	0	0.0	0	0
lvst		0.0	0.0	0	0	0.0	0	0
lvstacid		0.0	0.0	0	0	0.0	0	0
lxser		0.0	0.0	0	0	0.0	0	0
lysgluglu		0.0	0.0	0	0	0.0	0	0
m2emgacpail		0.0	0.0	0	0	0.0	0	0
m2gacpail		0.0	0.0	0	0	0.0	0	0
m3emgacpail		0.0	0.0	0	0	0.0	0	0
m3gacpail		0.0	0.0	0	0	0.0	0	0
m3gacpail_prot		0.0	0.0	0	0	0.0	0	0
mag		0.0	0.0	0	0	0.0	0	0
magarachi		0.0	0.0	0	0	0.0	0	0
maglinl		0.0	0.0	0	0	0.0	0	0
magole		0.0	0.0	0	0	0.0	0	0
magpalm		0.0	0.0	0	0	0.0	0	0
magste		0.0	0.0	0	0	0.0	0	0
mal		0.0	0.0	0	0	0.0	0	0
malcoa		0.0	0.0	0	0	0.0	0	0
malttr		0.0	0.0	0	0	0.0	0	0
mdzglc		0.0	0.0	0	0	0.0	0	0
melatn		0.0	0.0	0	0	0.0	0	0
mem2emgacpail		0.0	0.0	0	0	0.0	0	0
mem2emgacpail_prot		0.0	0.0	0	0	0.0	0	0
memgacpail		0.0	0.0	0	0	0.0	0	0
meracmp		0.0	0.0	0	0	0.0	0	0
mescon		0.0	0.0	0	0	0.0	0	0
methsucc		0.0	0.0	0	0	0.0	0	0
methsuccoa		0.0	0.0	0	0	0.0	0	0
mgacpail		0.0	0.0	0	0	0.0	0	0
mhglz		0.0	0.0	0	0	0.0	0	0
mi1345p		0.0	0.0	0	0	0.0	0	0
mi145p		0.0	0.0	0	0	0.0	0	0
mi1p		0.0	0.0	0	0	0.0	0	0
mi3p		0.0	0.0	0	0	0.0	0	0
mi4p		0.0	0.0	0	0	0.0	0	0
mmcoa		0.0	0.0	0	0	0.0	0	0
mqn7		0.0	0.0	0	0	0.0	0	0
mvlac		0.0	0.0	0	0	0.0	0	0
myelin		0.0	0.0	0	0	0.0	0	0
n2m2mn		0.0	0.0	0	0	0.0	0	0
n2m2nm		0.0	0.0	0	0	0.0	0	0
n2m2nmasn		0.0	0.0	0	0	0.0	0	0
n2m2nmn		0.0	0.0	0	0	0.0	0	0
n4abutn		0.0	0.0	0	0	0.0	0	0
n5m2masn		0.0	0.0	0	0	0.0	0	0
nfdac		0.0	0.0	0	0	0.0	0	0
nfdlac		0.0	0.0	0	0	0.0	0	0
nfdnpy		0.0	0.0	0	0	0.0	0	0
nfdoh		0.0	0.0	0	0	0.0	0	0
nicrns		0.0	0.0	0	0	0.0	0	0
noncoa		0.0	0.0	0	0	0.0	0	0
normete		0.0	0.0	0	0	0.0	0	0
nrpphrsf		0.0	0.0	0	0	0.0	0	0
nrvnccoa		0.0	0.0	0	0	0.0	0	0
oagd3		0.0	0.0	0	0	0.0	0	0
oagt3		0.0	0.0	0	0	0.0	0	0
ocde9ecoa		0.0	0.0	0	0	0.0	0	0
ocdececrn		0.0	0.0	0	0	0.0	0	0
octdececoa		0.0	0.0	0	0	0.0	0	0
octdececrn		0.0	0.0	0	0	0.0	0	0
octe5coa		0.0	0.0	0	0	0.0	0	0
odecrn		0.0	0.0	0	0	0.0	0	0
oh1		0.0	0.0	0	0	0.0	0	0
omhdecacid		0.0	0.0	0	0	0.0	0	0
omhdocosac		0.0	0.0	0	0	0.0	0	0
oretn		0.0	0.0	0	0	0.0	0	0
orot		0.0	0.0	0	0	0.0	0	0
oxy1rb		0.0	0.0	0	0	0.0	0	0
pail		0.0	0.0	0	0	0.0	0	0
pail345p		0.0	0.0	0	0	0.0	0	0
pail34p		0.0	0.0	0	0	0.0	0	0
pail35p		0.0	0.0	0	0	0.0	0	0
pail3p		0.0	0.0	0	0	0.0	0	0
pail45p		0.0	0.0	0	0	0.0	0	0
pail4p		0.0	0.0	0	0	0.0	0	0
pail5p		0.0	0.0	0	0	0.0	0	0
pailar		0.0	0.0	0	0	0.0	0	0
pailpalm		0.0	0.0	0	0	0.0	0	0
pailste		0.0	0.0	0	0	0.0	0	0
pchol		0.0	0.0	0	0	0.0	0	0
pchol2linl		0.0	0.0	0	0	0.0	0	0
pchol2ole		0.0	0.0	0	0	0.0	0	0
pchol2palm		0.0	0.0	0	0	0.0	0	0
pchol2ste		0.0	0.0	0	0	0.0	0	0
pcholar		0.0	0.0	0	0	0.0	0	0
pcholdoc		0.0	0.0	0	0	0.0	0	0
pcholeic		0.0	0.0	0	0	0.0	0	0
pcholet		0.0	0.0	0	0	0.0	0	0
pcholhep		0.0	0.0	0	0	0.0	0	0
pchollinl		0.0	0.0	0	0	0.0	0	0
pcholmyr		0.0	0.0	0	0	0.0	0	0
pcholn15		0.0	0.0	0	0	0.0	0	0
pcholn183		0.0	0.0	0	0	0.0	0	0
pcholn1836		0.0	0.0	0	0	0.0	0	0
pcholn19		0.0	0.0	0	0	0.0	0	0
pcholn201		0.0	0.0	0	0	0.0	0	0
pcholn203		0.0	0.0	0	0	0.0	0	0
pcholn204		0.0	0.0	0	0	0.0	0	0
pcholn205		0.0	0.0	0	0	0.0	0	0
pcholn224		0.0	0.0	0	0	0.0	0	0
pcholn225		0.0	0.0	0	0	0.0	0	0
pcholn2254		0.0	0.0	0	0	0.0	0	0
pcholn226		0.0	0.0	0	0	0.0	0	0
pcholn24		0.0	0.0	0	0	0.0	0	0
pcholn261		0.0	0.0	0	0	0.0	0	0
pcholn28		0.0	0.0	0	0	0.0	0	0
pcholn281		0.0	0.0	0	0	0.0	0	0
pcholole		0.0	0.0	0	0	0.0	0	0
pcholpalm		0.0	0.0	0	0	0.0	0	0
pcholpalme		0.0	0.0	0	0	0.0	0	0
pcholste		0.0	0.0	0	0	0.0	0	0
pe		0.0	0.0	0	0	0.0	0	0
pe12		0.0	0.0	0	0	0.0	0	0
pe13		0.0	0.0	0	0	0.0	0	0
pe14		0.0	0.0	0	0	0.0	0	0
pe15		0.0	0.0	0	0	0.0	0	0
pe17		0.0	0.0	0	0	0.0	0	0
pe203		0.0	0.0	0	0	0.0	0	0
pe224		0.0	0.0	0	0	0.0	0	0
pe226		0.0	0.0	0	0	0.0	0	0
pe2linl		0.0	0.0	0	0	0.0	0	0
pear		0.0	0.0	0	0	0.0	0	0
pectindchac		0.0	0.0	0	0	0.0	0	0
pectingchol		0.0	0.0	0	0	0.0	0	0
pectintchol		0.0	0.0	0	0	0.0	0	0
pedh203		0.0	0.0	0	0	0.0	0	0
pelinl		0.0	0.0	0	0	0.0	0	0
pendecaeth		0.0	0.0	0	0	0.0	0	0
peole		0.0	0.0	0	0	0.0	0	0
pepalm		0.0	0.0	0	0	0.0	0	0
peplys		0.0	0.0	0	0	0.0	0	0
peste		0.0	0.0	0	0	0.0	0	0
pglyc		0.0	0.0	0	0	0.0	0	0
pgp		0.0	0.0	0	0	0.0	0	0
phcrm		0.0	0.0	0	0	0.0	0	0
pheleuasp		0.0	0.0	0	0	0.0	0	0
pheme		0.0	0.0	0	0	0.0	0	0
phepheasn		0.0	0.0	0	0	0.0	0	0
phephethr		0.0	0.0	0	0	0.0	0	0
phetyrgln		0.0	0.0	0	0	0.0	0	0
phetyrlys		0.0	0.0	0	0	0.0	0	0
phlac		0.0	0.0	0	0	0.0	0	0
pnto		0.0	0.0	0	0	0.0	0	0
ppa		0.0	0.0	0	0	0.0	0	0
ppiogly		0.0	0.0	0	0	0.0	0	0
ppmi12346p		0.0	0.0	0	0	0.0	0	0
prgnlone		0.0	0.0	0	0	0.0	0	0
prgstrn		0.0	0.0	0	0	0.0	0	0
pristcoa		0.0	0.0	0	0	0.0	0	0
proargasp		0.0	0.0	0	0	0.0	0	0
profvs		0.0	0.0	0	0	0.0	0	0
profvscoa		0.0	0.0	0	0	0.0	0	0
proglulys		0.0	0.0	0	0	0.0	0	0
protein		0.0	0.0	0	0	0.0	0	0
ps		0.0	0.0	0	0	0.0	0	0
psylchol		0.0	0.0	0	0	0.0	0	0
psyltchol		0.0	0.0	0	0	0.0	0	0
psyltdechol		0.0	0.0	0	0	0.0	0	0
ptdca		0.0	0.0	0	0	0.0	0	0
ptdcacrn		0.0	0.0	0	0	0.0	0	0
ptvstgluc		0.0	0.0	0	0	0.0	0	0
ptvstm13		0.0	0.0	0	0	0.0	0	0
ptvstm3		0.0	0.0	0	0	0.0	0	0
retfa		0.0	0.0	0	0	0.0	0	0
retinal_11		0.0	0.0	0	0	0.0	0	0
retinal_cis		0.0	0.0	0	0	0.0	0	0
retinol_9		0.0	0.0	0	0	0.0	0	0
retinol_cis		0.0	0.0	0	0	0.0	0	0
ribflv		0.0	0.0	0	0	0.0	0	0
rnam		0.0	0.0	0	0	0.0	0	0
rsvgluc		0.0	0.0	0	0	0.0	0	0
s2l2n2m2m		0.0	0.0	0	0	0.0	0	0
s2l2n2m2masn		0.0	0.0	0	0	0.0	0	0
s2l2n2m2mn		0.0	0.0	0	0	0.0	0	0
s3meacmp		0.0	0.0	0	0	0.0	0	0
sT		0.0	0.0	0	0	0.0	0	0
saccrp		0.0	0.0	0	0	0.0	0	0
sarcs		0.0	0.0	0	0	0.0	0	0
sbcoa		0.0	0.0	0	0	0.0	0	0
sbt		0.0	0.0	0	0	0.0	0	0
sebacid		0.0	0.0	0	0	0.0	0	0
sebcoa		0.0	0.0	0	0	0.0	0	0
serglyglu		0.0	0.0	0	0	0.0	0	0
sgalside		0.0	0.0	0	0	0.0	0	0
simvgluc		0.0	0.0	0	0	0.0	0	0
smvacid		0.0	0.0	0	0	0.0	0	0
spc		0.0	0.0	0	0	0.0	0	0
sph1p		0.0	0.0	0	0	0.0	0	0
sphgn		0.0	0.0	0	0	0.0	0	0
sphings		0.0	0.0	0	0	0.0	0	0
sphmyln		0.0	0.0	0	0	0.0	0	0
sphmyln180241		0.0	0.0	0	0	0.0	0	0
sphmyln18114		0.0	0.0	0	0	0.0	0	0
sphmyln18115		0.0	0.0	0	0	0.0	0	0
sphmyln18116		0.0	0.0	0	0	0.0	0	0
sphmyln181161		0.0	0.0	0	0	0.0	0	0
sphmyln18117		0.0	0.0	0	0	0.0	0	0
sphmyln18118		0.0	0.0	0	0	0.0	0	0
sphmyln181181		0.0	0.0	0	0	0.0	0	0
sphmyln18120		0.0	0.0	0	0	0.0	0	0
sphmyln181201		0.0	0.0	0	0	0.0	0	0
sphmyln18121		0.0	0.0	0	0	0.0	0	0
sphmyln18122		0.0	0.0	0	0	0.0	0	0
sphmyln181221		0.0	0.0	0	0	0.0	0	0
sphmyln18123		0.0	0.0	0	0	0.0	0	0
sphmyln1824		0.0	0.0	0	0	0.0	0	0
sphmyln1825		0.0	0.0	0	0	0.0	0	0
sprm		0.0	0.0	0	0	0.0	0	0
sql		0.0	0.0	0	0	0.0	0	0
stacmp		0.0	0.0	0	0	0.0	0	0
stcoa		0.0	0.0	0	0	0.0	0	0
strch1		0.0	0.0	0	0	0.0	0	0
strch2		0.0	0.0	0	0	0.0	0	0
strdnc		0.0	0.0	0	0	0.0	0	0
subgly		0.0	0.0	0	0	0.0	0	0
sucr		0.0	0.0	0	0	0.0	0	0
sulpacmp		0.0	0.0	0	0	0.0	0	0
tag1p		0.0	0.0	0	0	0.0	0	0
tagat		0.0	0.0	0	0	0.0	0	0
taur		0.0	0.0	0	0	0.0	0	0
tauribup		0.0	0.0	0	0	0.0	0	0
tchola		0.0	0.0	0	0	0.0	0	0
td2glutrcoa		0.0	0.0	0	0	0.0	0	0
tdca3s		0.0	0.0	0	0	0.0	0	0
tdcoa		0.0	0.0	0	0	0.0	0	0
tddedi2coa		0.0	0.0	0	0	0.0	0	0
tddedicoa		0.0	0.0	0	0	0.0	0	0
tetd7ecoa		0.0	0.0	0	0	0.0	0	0
tetde5coa		0.0	0.0	0	0	0.0	0	0
tetdec2coa		0.0	0.0	0	0	0.0	0	0
tetdec2crn		0.0	0.0	0	0	0.0	0	0
tetdeca511ac		0.0	0.0	0	0	0.0	0	0
tetdecaeth		0.0	0.0	0	0	0.0	0	0
tetdecdicoa		0.0	0.0	0	0	0.0	0	0
tetdece1coa		0.0	0.0	0	0	0.0	0	0
tetdece1crn		0.0	0.0	0	0	0.0	0	0
tetpent3		0.0	0.0	0	0	0.0	0	0
tetpent3crn		0.0	0.0	0	0	0.0	0	0
tetpent6		0.0	0.0	0	0	0.0	0	0
tetpent6crn		0.0	0.0	0	0	0.0	0	0
thcrm		0.0	0.0	0	0	0.0	0	0
thmtp		0.0	0.0	0	0	0.0	0	0
thrfvs		0.0	0.0	0	0	0.0	0	0
thrglnglu		0.0	0.0	0	0	0.0	0	0
thrhishis		0.0	0.0	0	0	0.0	0	0
thsacmp		0.0	0.0	0	0	0.0	0	0
thym		0.0	0.0	0	0	0.0	0	0
thymd		0.0	0.0	0	0	0.0	0	0
thyochol		0.0	0.0	0	0	0.0	0	0
thyox		0.0	0.0	0	0	0.0	0	0
tlacfvs		0.0	0.0	0	0	0.0	0	0
tmacmp		0.0	0.0	0	0	0.0	0	0
tmdm1		0.0	0.0	0	0	0.0	0	0
tmdm3		0.0	0.0	0	0	0.0	0	0
tmdm5		0.0	0.0	0	0	0.0	0	0
tmndnc		0.0	0.0	0	0	0.0	0	0
tmtrdcoa		0.0	0.0	0	0	0.0	0	0
tmuncoa		0.0	0.0	0	0	0.0	0	0
trdox		0.0	0.0	0	0	0.0	0	0
trideceth		0.0	0.0	0	0	0.0	0	0
tripvs		0.0	0.0	0	0	0.0	0	0
trpaspasp		0.0	0.0	0	0	0.0	0	0
trpglyasp		0.0	0.0	0	0	0.0	0	0
trpthrglu		0.0	0.0	0	0	0.0	0	0
trpvalasp		0.0	0.0	0	0	0.0	0	0
trypta		0.0	0.0	0	0	0.0	0	0
tsacmgluc		0.0	0.0	0	0	0.0	0	0
tsacmsul		0.0	0.0	0	0	0.0	0	0
tststerone		0.0	0.0	0	0	0.0	0	0
tststeroneglc		0.0	0.0	0	0	0.0	0	0
tststerones		0.0	0.0	0	0	0.0	0	0
ttccoa		0.0	0.0	0	0	0.0	0	0
ttdca		0.0	0.0	0	0	0.0	0	0
ttdcea		0.0	0.0	0	0	0.0	0	0
ttdceacoa		0.0	0.0	0	0	0.0	0	0
ttdcrn		0.0	0.0	0	0	0.0	0	0
ttetddcoa		0.0	0.0	0	0	0.0	0	0
tudca3s		0.0	0.0	0	0	0.0	0	0
tyralaphe		0.0	0.0	0	0	0.0	0	0
tyrargglu		0.0	0.0	0	0	0.0	0	0
uchol		0.0	0.0	0	0	0.0	0	0
udprib		0.0	0.0	0	0	0.0	0	0
urcan		0.0	0.0	0	0	0.0	0	0
urscholcoa		0.0	0.0	0	0	0.0	0	0
vacccrn		0.0	0.0	0	0	0.0	0	0
vanillac		0.0	0.0	0	0	0.0	0	0
vitd3		0.0	0.0	0	0	0.0	0	0
wharachd		0.0	0.0	0	0	0.0	0	0
whddca		0.0	0.0	0	0	0.0	0	0
whtststerone		0.0	0.0	0	0	0.0	0	0
whttdca		0.0	0.0	0	0	0.0	0	0
xolest		0.0	0.0	0	0	0.0	0	0
xolest181		0.0	0.0	0	0	0.0	0	0
xolest182		0.0	0.0	0	0	0.0	0	0
xolest183		0.0	0.0	0	0	0.0	0	0
xolest2		0.0	0.0	0	0	0.0	0	0
xolest204		0.0	0.0	0	0	0.0	0	0
xolest205		0.0	0.0	0	0	0.0	0	0
xolest226		0.0	0.0	0	0	0.0	0	0
xoltri24		0.0	0.0	0	0	0.0	0	0
xser		0.0	0.0	0	0	0.0	0	0
xu1p		0.0	0.0	0	0	0.0	0	0
xu5p		0.0	0.0	0	0	0.0	0	0
xylt		0.0	0.0	0	0	0.0	0	0
xylu		0.0	0.0	0	0	0.0	0	0
zymst		0.0	0.0	0	0	0.0	0	0
